rank,player,team,seed,region,ppg,expected_games,injury_status,projected_points
1,Cameron Boozer,Duke,1,East,22.5,4.71559550237219,HEALTHY,119.1
2,Brayden Burries,Arizona,1,West,16.5,4.631858482870658,HEALTHY,80.0
3,Isaiah Evans,Duke,1,East,15.4,4.71559550237219,HEALTHY,76.5
4,Joshua Jefferson,Iowa St.,2,Midwest,17.1,3.7835898623795043,HEALTHY,70.3
5,Thomas Haugh,Florida,1,South,16.6,3.9645196670473895,HEALTHY,67.8
6,Milan Momcilovic,Iowa St.,2,Midwest,16.3,3.7835898623795043,HEALTHY,67.1
7,Keaton Wagler,Illinois,3,South,17.4,3.60248427775994,HEALTHY,66.9
8,Alex Condon,Florida,1,South,16.4,3.9645196670473895,HEALTHY,66.5
9,Kingston Flemings,Houston,2,South,16.2,3.724491708090575,HEALTHY,66.1
10,Graham Ike,Gonzaga,3,West,19.4,3.070244536211122,HEALTHY,65.7
11,Yaxel Lendeborg,Michigan,1,Midwest,15.2,4.617915244286169,PROBABLE,65.4
12,Koa Peat,Arizona,1,West,13.4,4.631858482870658,HEALTHY,62.0
13,Fletcher Loyer,Purdue,2,West,15.0,3.6888927996825,HEALTHY,61.7
14,Darius Acuff Jr.,Arkansas,4,West,24.6,2.7307486298857535,RETURNING,58.8
15,Nick Boyd,Wisconsin,5,West,21.2,2.359309933617631,HEALTHY,57.9
16,Jeremy Fears Jr.,Michigan St.,3,East,17.2,3.1369155625100147,HEALTHY,57.6
17,Trey Kaufman-Renn,Purdue,2,West,14.4,3.6888927996825,HEALTHY,56.9
18,Tyler Tanner,Vanderbilt,5,South,20.5,2.6436125803498878,HEALTHY,56.8
19,Morez Johnson Jr.,Michigan,1,Midwest,12.4,4.617915244286169,HEALTHY,56.7
20,John Blackwell,Wisconsin,5,West,20.8,2.359309933617631,HEALTHY,56.5
21,Jaden Bradley,Arizona,1,West,12.2,4.631858482870658,HEALTHY,56.4
22,Emanuel Sharp,Houston,2,South,14.1,3.724491708090575,HEALTHY,55.1
23,Darryn Peterson,Kansas,4,East,20.2,2.5101739632553723,HEALTHY,54.5
24,AJ Dybantsa,BYU,6,West,26.1,1.8481791455422223,HEALTHY,53.9
25,Tamin Lipsey,Iowa St.,2,Midwest,13.7,3.7835898623795043,HEALTHY,53.5
26,Aday Mara,Michigan,1,Midwest,11.6,4.617915244286169,HEALTHY,52.8
27,Labaron Philon Jr.,Alabama,4,Midwest,21.5,2.57109940305159,PROBABLE,52.4
28,David Mirkovic,Illinois,3,South,14.0,3.60248427775994,HEALTHY,51.0
29,Pryce Sandfort,Nebraska,4,South,17.6,2.6647232814120785,HEALTHY,50.7
30,Braden Smith,Purdue,2,West,12.3,3.6888927996825,HEALTHY,48.7
31,Motiejus Krivas,Arizona,1,West,10.5,4.631858482870658,HEALTHY,48.1
32,Christian Anderson,Texas Tech,5,Midwest,18.5,2.3130387733372295,HEALTHY,48.1
33,Ivan Kharchenkov,Arizona,1,West,10.1,4.631858482870658,HEALTHY,46.2
34,Elliot Cadeau,Michigan,1,Midwest,10.2,4.617915244286169,HEALTHY,46.2
35,Tarris Reed Jr.,Connecticut,2,East,13.5,3.26438282801939,HEALTHY,45.9
36,Duke Miles,Vanderbilt,5,South,17.3,2.6436125803498878,HEALTHY,45.8
37,Meleek Thomas,Arkansas,4,West,16.2,2.7307486298857535,HEALTHY,45.5
38,Patrick Ngongba II,Duke,1,East,10.7,4.71559550237219,PROBABLE,45.3
39,Andrej Stojakovic,Illinois,3,South,12.4,3.60248427775994,HEALTHY,45.1
40,Zuby Ejiofor,St. John's,5,East,18.0,2.5408309416140598,HEALTHY,44.8
41,Boogie Fland,Florida,1,South,11.6,3.9645196670473895,HEALTHY,44.7
42,Xaivian Lee,Florida,1,South,11.5,3.9645196670473895,HEALTHY,44.3
43,Ja'Kobi Gillespie,Tennessee,6,Midwest,17.8,2.302221188802216,HEALTHY,44.1
44,Ryan Conwell,Louisville,6,East,19.2,2.205399506318841,HEALTHY,43.7
45,Kylan Boswell,Illinois,3,South,12.0,3.60248427775994,HEALTHY,43.6
46,Trey McKenney,Michigan,1,Midwest,9.6,4.617915244286169,HEALTHY,43.4
47,Rueben Chinyelu,Florida,1,South,11.2,3.9645196670473895,HEALTHY,43.1
48,Jaxon Kohler,Michigan St.,3,East,13.5,3.1369155625100147,HEALTHY,43.0
49,Tobe Awaka,Arizona,1,West,9.4,4.631858482870658,HEALTHY,42.9
50,Milos Uzan,Houston,2,South,11.1,3.724491708090575,HEALTHY,42.7
51,Thijs De Ridder,Virginia,3,Midwest,14.5,2.8239717187847995,HEALTHY,42.3
52,Trevon Brazile,Arkansas,4,West,15.0,2.7307486298857535,HEALTHY,41.8
53,Solo Ball,Connecticut,2,East,12.2,3.26438282801939,HEALTHY,41.4
54,Oscar Cluff,Purdue,2,West,10.6,3.6888927996825,HEALTHY,41.4
55,Anthony Dell'Orso,Arizona,1,West,9.0,4.631858482870658,HEALTHY,41.0
56,Alex Karaban,Connecticut,2,East,11.9,3.26438282801939,HEALTHY,40.3
57,Nate Ament,Tennessee,6,Midwest,16.2,2.302221188802216,HEALTHY,40.1
58,Braylon Mullins,Connecticut,2,East,11.6,3.26438282801939,HEALTHY,39.2
59,Malik Thomas,Virginia,3,Midwest,13.5,2.8239717187847995,HEALTHY,38.9
60,Bruce Thornton,Ohio St.,8,East,20.7,1.7611080882065249,HEALTHY,38.5
61,Tyler Bilodeau,UCLA,7,East,17.1,2.0161482353138735,HEALTHY,37.5
62,Nimari Burnett,Michigan,1,Midwest,8.3,4.617915244286169,HEALTHY,37.4
63,Urban Klavzar,Florida,1,South,9.7,3.9645196670473895,HEALTHY,37.2
64,Coen Carr,Michigan St.,3,East,11.6,3.1369155625100147,HEALTHY,36.8
65,Chris Cenac Jr.,Houston,2,South,9.5,3.724491708090575,HEALTHY,36.3
66,Tomislav Ivisic,Illinois,3,South,10.0,3.60248427775994,HEALTHY,36.0
67,Donovan Atwell,Texas Tech,5,Midwest,14.6,2.3130387733372295,HEALTHY,35.9
68,Tyon Grant-Foster,Gonzaga,3,West,11.2,3.070244536211122,HEALTHY,35.5
69,Rienk Mast,Nebraska,4,South,12.9,2.6647232814120785,HEALTHY,35.2
70,Bennett Stirtz,Iowa,9,South,18.6,1.7814503049246637,HEALTHY,35.1
71,Paulius Murauskas,Saint Mary's,7,South,17.9,1.82926488597886,HEALTHY,35.0
72,Robert Wright III,BYU,6,West,18.0,1.8481791455422223,HEALTHY,35.0
73,Otega Oweh,Kentucky,7,Midwest,19.4,1.7135309423266827,HEALTHY,34.9
74,Carson Cooper,Michigan St.,3,East,10.8,3.1369155625100147,HEALTHY,34.1
75,Malik Reneau,Miami FL,7,West,17.0,1.8667176892510149,HEALTHY,34.1
76,Mikey Lewis,Saint Mary's,7,South,17.6,1.82926488597886,HEALTHY,33.8
77,Silas Demary Jr.,Connecticut,2,East,10.9,3.26438282801939,PROBABLE,33.0
78,Cayden Boozer,Duke,1,East,7.1,4.71559550237219,HEALTHY,33.0
79,Tre White,Kansas,4,East,13.5,2.5101739632553723,HEALTHY,33.0
80,Latrell Wrightsell,Alabama,4,Midwest,13.3,2.57109940305159,HEALTHY,32.6
81,Tre Donaldson,Miami FL,7,West,16.2,1.8667176892510149,HEALTHY,32.3
82,Blake Buchanan,Iowa St.,2,Midwest,8.4,3.7835898623795043,HEALTHY,32.2
83,C.J. Cox,Purdue,2,West,8.3,3.6888927996825,HEALTHY,32.2
84,Joseph Tugler,Houston,2,South,8.4,3.724491708090575,HEALTHY,32.0
85,Mark Mitchell,Missouri,10,West,20.7,1.374563389623388,HEALTHY,31.6
86,Braden Frager,Nebraska,4,South,11.6,2.6647232814120785,HEALTHY,31.5
87,Bryce Hopkins,St. John's,5,East,13.3,2.5408309416140598,HEALTHY,31.5
88,Roddy Gayle Jr.,Michigan,1,Midwest,7.0,4.617915244286169,HEALTHY,31.4
89,Henri Veesaar,North Carolina,6,South,17.2,1.7095098887155487,HEALTHY,31.3
90,Killyan Toure,Iowa St.,2,Midwest,8.1,3.7835898623795043,HEALTHY,31.0
91,Sam Lewis,Virginia,3,Midwest,10.8,2.8239717187847995,HEALTHY,31.0
92,Tyler Nickel,Vanderbilt,5,South,12.1,2.6436125803498878,HEALTHY,30.5
93,Dailyn Swain,Texas,11,West,17.8,1.554548032078429,HEALTHY,29.9
94,John Mobley Jr.,Ohio St.,8,East,16.9,1.7611080882065249,HEALTHY,29.8
95,Dominique Daniels Jr.,Cal Baptist,13,East,25.2,1.0838741392172644,HEALTHY,29.6
96,Billy Richmond III,Arkansas,4,West,11.0,2.7307486298857535,HEALTHY,29.3
97,Dame Sarr,Duke,1,East,6.3,4.71559550237219,HEALTHY,29.2
98,Flory Bidunga,Kansas,4,East,11.9,2.5101739632553723,HEALTHY,29.1
99,Trent Perry,UCLA,7,East,13.8,2.0161482353138735,HEALTHY,28.6
100,Amari Allen,Alabama,4,Midwest,11.7,2.57109940305159,HEALTHY,28.6
101,MJ Collins Jr.,Utah St.,9,West,17.2,1.616516675564739,HEALTHY,28.5
102,Melvin Council Jr.,Kansas,4,East,11.6,2.5101739632553723,HEALTHY,28.3
103,Boopie Miller,SMU,11,Midwest,20.5,1.3320881346204778,HEALTHY,28.2
104,LeJuan Watts,Texas Tech,5,Midwest,11.5,2.3130387733372295,HEALTHY,28.0
105,Donovan Dent,UCLA,7,East,13.4,2.0161482353138735,HEALTHY,27.8
106,Jeremiah Wilkinson,Georgia,8,Midwest,16.4,1.6617506923008816,HEALTHY,27.8
107,Mason Falslev,Utah St.,9,West,16.6,1.616516675564739,HEALTHY,27.4
108,Seth Trimble,North Carolina,6,South,15.0,1.7095098887155487,HEALTHY,27.1
109,Chance Mallory,Virginia,3,Midwest,9.5,2.8239717187847995,HEALTHY,27.1
110,Mario Saint-Supery,Gonzaga,3,West,8.6,3.070244536211122,HEALTHY,27.0
111,Aiden Sherrell,Alabama,4,Midwest,11.1,2.57109940305159,HEALTHY,27.0
112,Nikolas Khamenia,Duke,1,East,5.8,4.71559550237219,HEALTHY,26.8
113,Davis Fogle,Gonzaga,3,West,8.4,3.070244536211122,HEALTHY,26.4
114,Jamarion Batemon,Iowa St.,2,Midwest,6.9,3.7835898623795043,HEALTHY,26.3
115,Jamarques Lawrence,Nebraska,4,South,9.7,2.6647232814120785,HEALTHY,26.1
116,Wes Enis,South Florida,11,East,19.4,1.3151764898384812,HEALTHY,25.9
117,Sam Hoiberg,Nebraska,4,South,9.6,2.6647232814120785,HEALTHY,25.9
118,Matas Vokietaitis,Texas,11,West,15.5,1.554548032078429,HEALTHY,25.8
119,Malique Ewin,Arkansas,4,West,9.6,2.7307486298857535,HEALTHY,25.4
120,J'Vonne Hadley,Louisville,6,East,11.8,2.205399506318841,HEALTHY,25.2
121,Oziyah Sellers,St. John's,5,East,10.7,2.5408309416140598,HEALTHY,25.1
122,Jacari White,Virginia,3,Midwest,8.8,2.8239717187847995,HEALTHY,25.0
123,Zvonimir Ivisic,Illinois,3,South,7.0,3.60248427775994,HEALTHY,24.9
124,Tavari Johnson,Akron,12,Midwest,18.9,1.2392382196804697,HEALTHY,24.6
125,Nolan Winter,Wisconsin,5,West,12.4,2.359309933617631,RETURNING,24.5
126,Cruz Davis,Hofstra,13,Midwest,18.2,1.1364766594031814,HEALTHY,24.4
127,Tru Washington,Miami FL,7,West,12.9,1.8667176892510149,HEALTHY,24.3
128,Charles Bediako,Alabama,4,Midwest,10.0,2.57109940305159,HEALTHY,24.3
129,AK Okereke,Vanderbilt,5,South,9.7,2.6436125803498878,HEALTHY,24.2
130,Skyy Clark,UCLA,7,East,11.7,2.0161482353138735,HEALTHY,24.1
131,Kur Teng,Michigan St.,3,East,7.7,3.1369155625100147,HEALTHY,24.1
132,Devin McGlockton,Vanderbilt,5,South,9.6,2.6436125803498878,HEALTHY,23.9
133,Adam Miller,Gonzaga,3,West,7.6,3.070244536211122,HEALTHY,23.8
134,Jaron Pierre Jr.,SMU,11,Midwest,18.0,1.3320881346204778,HEALTHY,23.7
135,Denzel Aberdeen,Kentucky,7,Midwest,13.8,1.7135309423266827,HEALTHY,23.5
136,Austin Rapp,Wisconsin,5,West,9.6,2.359309933617631,HEALTHY,23.4
137,Joshua Dent,Saint Mary's,7,South,12.7,1.82926488597886,HEALTHY,23.4
138,Kanon Catchings,Georgia,8,Midwest,14.6,1.6617506923008816,HEALTHY,23.4
139,J.P. Estrella,Tennessee,6,Midwest,10.1,2.302221188802216,HEALTHY,23.4
140,Nasir Whitlock,Lehigh,16,South,22.0,1.002541867090624,HEALTHY,23.4
141,Eric Dailey Jr.,UCLA,7,East,11.3,2.0161482353138735,HEALTHY,23.3
142,Shelton Henderson,Miami FL,7,West,12.3,1.8667176892510149,HEALTHY,23.3
143,Larry Johnson,McNeese,12,South,19.1,1.136171265864272,HEALTHY,23.2
144,Terrence Hill Jr.,VCU,11,South,15.1,1.4760089750977734,HEALTHY,23.2
145,Daniel Jacobsen,Purdue,2,West,6.0,3.6888927996825,HEALTHY,23.0
146,Jaylen Petty,Texas Tech,5,Midwest,9.5,2.3130387733372295,HEALTHY,23.0
147,Jalen Washington,Vanderbilt,5,South,9.1,2.6436125803498878,HEALTHY,22.6
148,Isaac McKneely,Louisville,6,East,10.6,2.205399506318841,HEALTHY,22.6
149,Preston Edmead,Hofstra,13,Midwest,17.1,1.1364766594031814,HEALTHY,22.5
150,Eric Reibe,Connecticut,2,East,6.8,3.26438282801939,HEALTHY,22.5
151,Ian Jackson,St. John's,5,East,9.6,2.5408309416140598,HEALTHY,22.4
152,Maliq Brown,Duke,1,East,4.8,4.71559550237219,HEALTHY,22.1
153,Rashaun Agee,Texas A&M,10,South,16.2,1.411825254632773,HEALTHY,22.1
154,Omer Mayer,Purdue,2,West,5.7,3.6888927996825,HEALTHY,21.9
155,TJ Power,Penn,14,South,20.0,1.017029967407469,HEALTHY,21.8
156,Christian Hammond,Santa Clara,10,Midwest,14.5,1.5284786552241998,HEALTHY,21.6
157,Devin Royal,Ohio St.,8,East,12.8,1.7611080882065249,HEALTHY,21.6
158,Ben Humrichous,Illinois,3,South,6.1,3.60248427775994,HEALTHY,21.6
159,Tramon Mark,Texas,11,West,13.5,1.554548032078429,HEALTHY,21.5
160,David Punch,TCU,9,East,15.1,1.3781844550024145,HEALTHY,21.4
161,Jordan Pope,Texas,11,West,13.3,1.554548032078429,HEALTHY,21.2
162,Riley Kugel,UCF,10,East,15.1,1.350557396923231,HEALTHY,20.9
163,Isaiah Brown,Florida,1,South,5.5,3.9645196670473895,HEALTHY,20.8
164,Jake Davis,Illinois,3,South,5.8,3.60248427775994,HEALTHY,20.6
165,Tyler Perkins,Villanova,8,West,13.4,1.5121586040559252,HEALTHY,20.6
166,Terry Anderson,High Point,12,West,17.0,1.1311220402504045,HEALTHY,20.5
167,Braeden Carrington,Wisconsin,5,West,8.4,2.359309933617631,HEALTHY,20.4
168,Johann Grunloh,Virginia,3,Midwest,7.2,2.8239717187847995,HEALTHY,20.4
169,Robbie Avila,Saint Louis,9,Midwest,13.6,1.4727381323101199,HEALTHY,20.1
170,D.J. Wagner,Arkansas,4,West,7.6,2.7307486298857535,HEALTHY,20.0
171,Duke Brennan,Villanova,8,West,13.0,1.5121586040559252,HEALTHY,19.9
172,Bryson Tiller,Kansas,4,East,8.2,2.5101739632553723,HEALTHY,19.6
173,Sananda Fru,Louisville,6,East,9.2,2.205399506318841,HEALTHY,19.5
174,Blue Cain,Georgia,8,Midwest,12.1,1.6617506923008816,HEALTHY,19.5
175,Joson Sanon,St. John's,5,East,8.3,2.5408309416140598,HEALTHY,19.3
176,Frankie Collins,Vanderbilt,5,South,7.8,2.6436125803498878,HEALTHY,19.3
177,Marcus Millender,Georgia,8,Midwest,11.9,1.6617506923008816,HEALTHY,19.1
178,Dillon Mitchell,St. John's,5,East,8.2,2.5408309416140598,HEALTHY,19.0
179,Lazar Djokovic,VCU,11,South,12.9,1.4760089750977734,HEALTHY,19.0
180,Rob Martin,High Point,12,West,15.7,1.1311220402504045,HEALTHY,18.9
181,Elijah Mahi,Santa Clara,10,Midwest,12.8,1.5284786552241998,HEALTHY,18.9
182,Ugonna Onyenso,Virginia,3,Midwest,6.7,2.8239717187847995,HEALTHY,18.9
183,Ugnius Jarusevicius,Nebraska,4,South,7.0,2.6647232814120785,HEALTHY,18.7
184,Jack Benter,Purdue,2,West,4.8,3.6888927996825,HEALTHY,18.4
185,Christoph Tilly,Ohio St.,8,East,11.0,1.7611080882065249,HEALTHY,18.4
186,Tavion Banks,Iowa,9,South,10.5,1.7814503049246637,HEALTHY,18.4
187,Jordan Scott,Michigan St.,3,East,5.9,3.1369155625100147,HEALTHY,18.3
188,Gavin Doty,Siena,16,East,19.0,1.0044571307095171,HEALTHY,18.3
189,Izaiyah Nelson,South Florida,11,East,14.3,1.3151764898384812,HEALTHY,18.3
190,Dwayne Aristode,Arizona,1,West,4.1,4.631858482870658,HEALTHY,18.3
191,Bryce Lindsay,Villanova,8,West,11.9,1.5121586040559252,HEALTHY,18.2
192,Emmanuel Innocenti,Gonzaga,3,West,5.8,3.070244536211122,HEALTHY,18.1
193,Isaac Johnson,Hawaii,13,West,15.7,1.06869105992416,HEALTHY,18.1
194,Tyshawn Archie,McNeese,12,South,15.1,1.136171265864272,HEALTHY,18.1
195,Themus Fulks,UCF,10,East,13.6,1.350557396923231,HEALTHY,18.1
196,Mercy Miller,Houston,2,South,4.8,3.724491708090575,HEALTHY,18.0
197,Adrian Wooley,Louisville,6,East,8.5,2.205399506318841,HEALTHY,18.0
198,Gicarri Harris,Purdue,2,West,4.7,3.6888927996825,HEALTHY,18.0
199,Nate Heise,Iowa St.,2,Midwest,4.7,3.7835898623795043,HEALTHY,17.8
200,Felix Okpara,Tennessee,6,Midwest,7.7,2.302221188802216,HEALTHY,17.7
201,Alex Wilkins,Furman,15,East,17.6,1.0183299698297115,HEALTHY,17.7
202,Acaden Lewis,Villanova,8,West,11.6,1.5121586040559252,HEALTHY,17.7
203,Will Tschetter,Michigan,1,Midwest,3.9,4.617915244286169,HEALTHY,17.3
204,Joseph Pinion,South Florida,11,East,13.6,1.3151764898384812,HEALTHY,17.3
205,Hank Alvey,Lehigh,16,South,17.3,1.002541867090624,HEALTHY,17.3
206,Aaron Nkrumah,Tennessee St.,15,Midwest,18.0,1.0101049267028637,HEALTHY,17.3
207,Amani Lyles,Akron,12,Midwest,14.0,1.2392382196804697,HEALTHY,17.2
208,Xavier Edmonds,TCU,9,East,12.6,1.3781844550024145,HEALTHY,17.1
209,Trey Campbell,Northern Iowa,12,East,14.6,1.1553589983037877,HEALTHY,17.1
210,Karter Knox,Arkansas,4,West,8.1,2.7307486298857535,RETURNING,17.1
211,Kristian Gonzalez,Idaho,15,South,18.0,1.0137974280873858,HEALTHY,17.1
212,Dominykas Pleta,Iowa St.,2,Midwest,4.5,3.7835898623795043,HEALTHY,17.0
213,Allen Graves,Santa Clara,10,Midwest,11.6,1.5284786552241998,HEALTHY,17.0
214,Jaylen Carey,Tennessee,6,Midwest,7.4,2.302221188802216,HEALTHY,17.0
215,Jalen Warley,Gonzaga,3,West,6.8,3.070244536211122,RETURNING,17.0
216,Berke Buyuktuncel,Nebraska,4,South,6.4,2.6647232814120785,HEALTHY,17.0
217,Darren Harris,Duke,1,East,3.7,4.71559550237219,HEALTHY,17.0
218,RJ Godfrey,Clemson,8,South,11.9,1.4382894751561899,HEALTHY,16.9
219,Braeden Smith,Gonzaga,3,West,5.4,3.070244536211122,HEALTHY,16.8
220,Ethan Roberts,Penn,14,South,16.0,1.017029967407469,HEALTHY,16.8
221,Luka Bogavac,North Carolina,6,South,9.8,1.7095098887155487,HEALTHY,16.7
222,Collin Chandler,Kentucky,7,Midwest,9.9,1.7135309423266827,HEALTHY,16.7
223,Dallin Hall,Virginia,3,Midwest,5.9,2.8239717187847995,HEALTHY,16.6
224,Bryce Harris,Howard,16,Midwest,17.1,1.0045034869096259,HEALTHY,16.5
225,Cedric Taylor III,Howard,16,Midwest,17.1,1.0045034869096259,HEALTHY,16.5
226,Dre Bullock,Hawaii,13,West,14.8,1.06869105992416,HEALTHY,16.4
227,Trey Green,Saint Louis,9,Midwest,11.1,1.4727381323101199,HEALTHY,16.3
228,Dion Brown,Saint Louis,9,Midwest,11.1,1.4727381323101199,HEALTHY,16.3
229,Jordan Burks,UCF,10,East,12.2,1.350557396923231,HEALTHY,16.2
230,Thomas Dowd,Troy,13,South,15.7,1.0371344851093125,HEALTHY,16.2
231,Javohn Garcia,McNeese,12,South,14.1,1.136171265864272,HEALTHY,16.2
232,Dylan Darling,St. John's,5,East,7.0,2.5408309416140598,HEALTHY,16.2
233,Amare Bynum,Ohio St.,8,East,9.7,1.7611080882065249,HEALTHY,16.1
234,Houston Mallette,Alabama,4,Midwest,6.6,2.57109940305159,HEALTHY,15.9
235,Damari Wheeler-Thomas,North Dakota St.,14,East,15.2,1.0456401193582971,HEALTHY,15.9
236,Travis Harper II,Tennessee St.,15,Midwest,16.5,1.0101049267028637,HEALTHY,15.8
237,Divine Ugochukwu,Michigan St.,3,East,5.1,3.1369155625100147,HEALTHY,15.8
238,Cam Ward,Michigan St.,3,East,5.0,3.1369155625100147,HEALTHY,15.5
239,Jayden Ross,Connecticut,2,East,4.7,3.26438282801939,HEALTHY,15.5
240,Steele Venters,Gonzaga,3,West,5.0,3.070244536211122,HEALTHY,15.5
241,Jamichael Stillwell,UCF,10,East,11.7,1.350557396923231,HEALTHY,15.4
242,Kennard Davis Jr.,BYU,6,West,8.5,1.8481791455422223,HEALTHY,15.4
243,Micah Handlogten,Florida,1,South,4.1,3.9645196670473895,HEALTHY,15.4
244,Somtochukwu Cyril,Georgia,8,Midwest,9.6,1.6617506923008816,HEALTHY,15.3
245,Andrew McKeever,Saint Mary's,7,South,8.4,1.82926488597886,HEALTHY,15.2
246,Devin Askew,Villanova,8,West,10.0,1.5121586040559252,HEALTHY,15.2
247,Amari McCottry,Saint Louis,9,Midwest,10.3,1.4727381323101199,HEALTHY,15.1
248,Chase McCarty,Houston,2,South,4.0,3.724491708090575,HEALTHY,15.0
249,Rylan Griffen,Texas A&M,10,South,11.6,1.411825254632773,HEALTHY,15.0
250,Shammah Scott,Akron,12,Midwest,12.3,1.2392382196804697,HEALTHY,15.0
251,Taylor Bol Bowen,Alabama,4,Midwest,6.2,2.57109940305159,HEALTHY,14.9
252,London Jemison,Alabama,4,Midwest,6.2,2.57109940305159,HEALTHY,14.9
253,Jayden Stone,Missouri,10,West,10.6,1.374563389623388,HEALTHY,14.8
254,Mouhamed Dioubate,Kentucky,7,Midwest,8.7,1.7135309423266827,HEALTHY,14.6
255,Trent Pierce,Missouri,10,West,10.6,1.374563389623388,HEALTHY,14.6
256,Josh Omojafo,South Florida,11,East,11.5,1.3151764898384812,HEALTHY,14.5
257,Kellen Thames,Saint Louis,9,Midwest,9.9,1.4727381323101199,HEALTHY,14.5
258,Rob Lee Jr.,Kennesaw St.,14,West,14.8,1.0279578688487963,HEALTHY,14.5
259,Jadrian Tracey,VCU,11,South,9.9,1.4760089750977734,HEALTHY,14.4
260,Connor Essegian,Nebraska,4,South,5.4,2.6647232814120785,HEALTHY,14.3
261,Isiah Harwell,Houston,2,South,3.8,3.724491708090575,HEALTHY,14.2
262,Bishop Boswell,Tennessee,6,Midwest,6.2,2.302221188802216,HEALTHY,14.2
263,Cooper Bowser,Furman,15,East,14.8,1.0183299698297115,HEALTHY,14.2
264,Jayden Pierre,TCU,9,East,10.5,1.3781844550024145,HEALTHY,14.1
265,Nasir Mann,Queens,15,West,14.3,1.0127140182089793,HEALTHY,14.1
266,Micah Robinson,TCU,9,East,10.5,1.3781844550024145,HEALTHY,14.1
267,Karson Templin,Utah St.,9,West,9.1,1.616516675564739,HEALTHY,14.1
268,CJ Brown,South Florida,11,East,11.1,1.3151764898384812,HEALTHY,14.0
269,Alvaro Folgueiras,Iowa,9,South,8.1,1.7814503049246637,HEALTHY,14.0
270,Xavier Booker,UCLA,7,East,6.9,2.0161482353138735,HEALTHY,14.0
271,Marcus Hill,Texas A&M,10,South,10.8,1.411825254632773,HEALTHY,14.0
272,B.J. Edwards,SMU,11,Midwest,11.1,1.3320881346204778,HEALTHY,13.8
273,Leon Bond III,Northern Iowa,12,East,11.9,1.1553589983037877,HEALTHY,13.8
274,Andrew Rohde,Wisconsin,5,West,5.7,2.359309933617631,HEALTHY,13.7
275,Jarin Stevenson,North Carolina,6,South,8.0,1.7095098887155487,HEALTHY,13.6
276,Dillan Shaw,Saint Mary's,7,South,7.5,1.82926488597886,HEALTHY,13.5
277,Tyler Harris,Vanderbilt,5,South,5.5,2.6436125803498878,HEALTHY,13.5
278,Jestin Porter,Clemson,8,South,9.6,1.4382894751561899,HEALTHY,13.5
279,Jaland Lowe,Kentucky,7,Midwest,8.0,1.7135309423266827,HEALTHY,13.4
280,Mackenzie Mgbako,Texas A&M,10,South,10.4,1.411825254632773,HEALTHY,13.4
281,Malachi Moreno,Kentucky,7,Midwest,8.0,1.7135309423266827,HEALTHY,13.4
282,Samet Yigitoglu,SMU,11,Midwest,10.8,1.3320881346204778,HEALTHY,13.4
283,Quentin Jones,Saint Louis,9,Midwest,9.2,1.4727381323101199,HEALTHY,13.4
284,Rubén Dominguez,Texas A&M,10,South,10.3,1.411825254632773,HEALTHY,13.3
285,Victor Valdes,Troy,13,South,13.4,1.0371344851093125,HEALTHY,13.3
286,Cooper Koch,Iowa,9,South,7.7,1.7814503049246637,HEALTHY,13.3
287,Ishan Sharma,Saint Louis,9,Midwest,9.1,1.4727381323101199,HEALTHY,13.3
288,Cooper Campbell,Troy,13,South,13.4,1.0371344851093125,HEALTHY,13.2
289,Michael Cooper,Wright St.,14,Midwest,13.3,1.036398647155245,HEALTHY,13.2
290,TJ Burch,Wright St.,14,Midwest,13.3,1.036398647155245,HEALTHY,13.1
291,Will Hornseth,Northern Iowa,12,East,11.2,1.1553589983037877,HEALTHY,13.0
292,Pop Isaacs,Texas A&M,10,South,10.1,1.411825254632773,HEALTHY,13.0
293,Nick Davidson,Clemson,8,South,9.1,1.4382894751561899,HEALTHY,12.8
294,Ernest Udeh Jr.,Miami FL,7,West,6.9,1.8667176892510149,HEALTHY,12.8
295,Sash Gavalyugov,Santa Clara,10,Midwest,8.8,1.5284786552241998,HEALTHY,12.8
296,Cale Jacobsen,Nebraska,4,South,4.8,2.6647232814120785,HEALTHY,12.7
297,Jacoi Hutchinson,LIU,16,West,13.7,1.0036437675913061,HEALTHY,12.7
298,Braden East,Kennesaw St.,14,West,13.2,1.0279578688487963,HEALTHY,12.7
299,Yoav Berman,Queens,15,West,12.8,1.0127140182089793,HEALTHY,12.6
300,Nyk Lewis,VCU,11,South,8.7,1.4760089750977734,HEALTHY,12.6
301,Brandon Jennings,VCU,11,South,8.7,1.4760089750977734,HEALTHY,12.6
302,Justice Shoats,Siena,16,East,13.6,1.0044571307095171,HEALTHY,12.4
303,Cam Manyawu,Iowa,9,South,7.1,1.7814503049246637,HEALTHY,12.3
304,Cam'Ron Fletcher,High Point,12,West,10.7,1.1311220402504045,HEALTHY,12.3
305,Evan Mahaffey,Akron,12,Midwest,10.2,1.2392382196804697,HEALTHY,12.3
306,Theo Seng,Troy,13,South,12.5,1.0371344851093125,HEALTHY,12.3
307,Jackson Rasmussen,Idaho,15,South,13.5,1.0137974280873858,HEALTHY,12.2
308,T.O. Barrett,Missouri,10,West,8.9,1.374563389623388,HEALTHY,12.2
309,Anthony Robinson II,Missouri,10,West,8.8,1.374563389623388,HEALTHY,12.1
310,Martel Williams,Cal Baptist,13,East,11.6,1.0838741392172644,HEALTHY,12.1
311,Devin Tillis,Virginia,3,Midwest,4.3,2.8239717187847995,HEALTHY,12.0
312,Aleksas Bieliauskas,Wisconsin,5,West,5.0,2.359309933617631,HEALTHY,12.0
313,Nick Pringle,Arkansas,4,West,4.6,2.7307486298857535,HEALTHY,12.0
314,Kolton Mitchell,Idaho,15,South,13.3,1.0137974280873858,HEALTHY,12.0
315,Drake Allen,Utah St.,9,West,7.7,1.616516675564739,HEALTHY,11.9
316,Elijah Tucker,LIU,16,West,12.9,1.0036437675913061,HEALTHY,11.9
317,Dante Allen,Miami FL,7,West,6.4,1.8667176892510149,HEALTHY,11.8
318,Jacob Crews,Missouri,10,West,8.6,1.374563389623388,HEALTHY,11.8
319,Ace Buckner,Clemson,8,South,8.4,1.4382894751561899,HEALTHY,11.8
320,Harry Rouhliadeff,Hawaii,13,West,10.8,1.06869105992416,HEALTHY,11.8
321,Brandon Noel,Ohio St.,8,East,7.1,1.7611080882065249,HEALTHY,11.7
322,Kolby King,Utah St.,9,West,7.6,1.616516675564739,HEALTHY,11.7
323,Markhi Strickland,North Dakota St.,14,East,11.8,1.0456401193582971,HEALTHY,11.7
324,Trey Fort,Michigan St.,3,East,3.8,3.1369155625100147,HEALTHY,11.7
325,Jordan Watford,Queens,15,West,11.9,1.0127140182089793,HEALTHY,11.7
326,Biggie Patterson,Hofstra,13,Midwest,9.5,1.1364766594031814,HEALTHY,11.7
327,Elmarko Jackson,Kansas,4,East,4.9,2.5101739632553723,HEALTHY,11.6
328,Bukky Oboye,Santa Clara,10,Midwest,8.0,1.5284786552241998,HEALTHY,11.6
329,Michael Imariagbe,Wright St.,14,Midwest,11.8,1.036398647155245,HEALTHY,11.6
330,Michael Zanoni,Penn,14,South,11.6,1.017029967407469,HEALTHY,11.5
331,Chris Ashby,Queens,15,West,11.7,1.0127140182089793,HEALTHY,11.5
332,German Plotnikov,Hofstra,13,Midwest,9.3,1.1364766594031814,HEALTHY,11.5
333,Malachi Smith,Connecticut,2,East,3.5,3.26438282801939,HEALTHY,11.5
334,Khani Rooths,Louisville,6,East,5.5,2.205399506318841,HEALTHY,11.5
335,Ben Schwieger,Northern Iowa,12,East,9.9,1.1553589983037877,HEALTHY,11.4
336,Keba Keita,BYU,6,West,6.3,1.8481791455422223,HEALTHY,11.3
337,Isaiah Brickner,Idaho,15,South,12.5,1.0137974280873858,HEALTHY,11.2
338,Luke Bamgboye,Texas Tech,5,Midwest,4.7,2.3130387733372295,HEALTHY,11.2
339,Liutauras Lelevicius,TCU,9,East,8.4,1.3781844550024145,HEALTHY,11.2
340,Andrew Holifield,Kennesaw St.,14,West,11.7,1.0279578688487963,HEALTHY,11.2
341,Brenton Knapper,Santa Clara,10,Midwest,7.7,1.5284786552241998,HEALTHY,11.1
342,Avantae Parker,Queens,15,West,11.3,1.0127140182089793,HEALTHY,11.1
343,DeWayne Brown II,Tennessee,6,Midwest,4.9,2.302221188802216,HEALTHY,11.1
344,Josiah Moseley,Texas Tech,5,Midwest,4.6,2.3130387733372295,HEALTHY,11.0
345,Biko Johnson,Idaho,15,South,12.2,1.0137974280873858,HEALTHY,10.9
346,Derek Dixon,North Carolina,6,South,6.4,1.7095098887155487,HEALTHY,10.8
347,Michael Belle,VCU,11,South,7.5,1.4760089750977734,HEALTHY,10.8
348,Owen Aquino,High Point,12,West,9.4,1.1311220402504045,HEALTHY,10.7
349,Tanner Toolson,TCU,9,East,8.0,1.3781844550024145,HEALTHY,10.7
350,Brock Harding,TCU,9,East,8.0,1.3781844550024145,HEALTHY,10.7
351,Dante Harris,Tennessee St.,15,Midwest,11.7,1.0101049267028637,HEALTHY,10.6
352,Conrad Martinez,High Point,12,West,9.3,1.1311220402504045,HEALTHY,10.6
353,Shawn Phillips Jr.,Missouri,10,West,7.7,1.374563389623388,HEALTHY,10.5
354,Dillon Hunter,Clemson,8,South,7.5,1.4382894751561899,HEALTHY,10.5
355,Barry Evans,VCU,11,South,7.2,1.4760089750977734,HEALTHY,10.4
356,Garry Clark,Utah St.,9,West,6.8,1.616516675564739,HEALTHY,10.4
357,Jaylin Stewart,Connecticut,2,East,4.5,3.26438282801939,DAY-TO-DAY,10.4
358,Jordan Ross,Georgia,8,Midwest,6.6,1.6617506923008816,HEALTHY,10.4
359,Tristan Smith,Northern Iowa,12,East,9.1,1.1553589983037877,HEALTHY,10.4
360,Trevian Carson,North Dakota St.,14,East,10.4,1.0456401193582971,HEALTHY,10.4
361,Kam Williams,Kentucky,7,Midwest,6.2,1.7135309423266827,HEALTHY,10.3
362,Treyson Anderson,North Dakota St.,14,East,10.4,1.0456401193582971,HEALTHY,10.3
363,Gytis Nemeiksa,Hawaii,13,West,9.3,1.06869105992416,HEALTHY,10.1
364,Kael Combs,Iowa,9,South,5.9,1.7814503049246637,HEALTHY,10.1
365,Carson Schwieger,Queens,15,West,10.2,1.0127140182089793,HEALTHY,10.0
366,Joshua Ingram,Lehigh,16,South,10.6,1.002541867090624,HEALTHY,10.0
367,Adlan Elamin,Utah St.,9,West,6.5,1.616516675564739,HEALTHY,10.0
368,Francis Folefac,Siena,16,East,11.1,1.0044571307095171,HEALTHY,10.0
369,Scotty Washington,High Point,12,West,8.7,1.1311220402504045,HEALTHY,9.9
370,Isaac Finlinson,Hawaii,13,West,9.1,1.06869105992416,HEALTHY,9.9
371,Corey Washington,SMU,11,Midwest,11.3,1.3320881346204778,DAY-TO-DAY,9.8
372,Tate Sage,Iowa,9,South,5.7,1.7814503049246637,HEALTHY,9.8
373,Brady Dunlap,Saint Louis,9,Midwest,6.8,1.4727381323101199,HEALTHY,9.8
374,Marcus Allen,Miami FL,7,West,5.3,1.8667176892510149,HEALTHY,9.8
375,Andrija Jelavic,Kentucky,7,Midwest,5.8,1.7135309423266827,HEALTHY,9.7
376,Edouard Benoit,Lehigh,16,South,10.3,1.002541867090624,HEALTHY,9.7
377,Solomon Callaghan,Wright St.,14,Midwest,9.9,1.036398647155245,HEALTHY,9.7
378,Johan Nziemi,LIU,16,West,10.6,1.0036437675913061,HEALTHY,9.7
379,Simeon Wilcher,Texas,11,West,6.2,1.554548032078429,HEALTHY,9.6
380,Jayden Jackson,Cal Baptist,13,East,9.3,1.0838741392172644,HEALTHY,9.6
381,Cam Gillus,Howard,16,Midwest,10.6,1.0045034869096259,HEALTHY,9.6
382,Sebastian Mack,Missouri,10,West,7.0,1.374563389623388,HEALTHY,9.6
383,Zac Foster,Clemson,8,South,6.9,1.4382894751561899,HEALTHY,9.6
384,Camden Heide,Texas,11,West,6.2,1.554548032078429,HEALTHY,9.6
385,Amari Evans,Tennessee,6,Midwest,4.2,2.302221188802216,HEALTHY,9.5
386,Ose Okojie,Howard,16,Midwest,10.5,1.0045034869096259,HEALTHY,9.5
387,Jaden Toombs,SMU,11,Midwest,7.8,1.3320881346204778,HEALTHY,9.5
388,Bowen Hardman,Akron,12,Midwest,7.9,1.2392382196804697,HEALTHY,9.5
389,Eric Mahaffey,Akron,12,Midwest,7.8,1.2392382196804697,HEALTHY,9.4
390,DJ Richards Jr.,McNeese,12,South,8.3,1.136171265864272,HEALTHY,9.4
391,Redd Thompson Jr.,LIU,16,West,10.3,1.0036437675913061,HEALTHY,9.4
392,Noah Feddersen,North Dakota St.,14,East,9.4,1.0456401193582971,HEALTHY,9.3
393,Kalifa Sakho,Houston,2,South,2.5,3.724491708090575,HEALTHY,9.3
394,Garwey Dual,McNeese,12,South,8.2,1.136171265864272,HEALTHY,9.3
395,Isaia Howard,Iowa,9,South,5.4,1.7814503049246637,HEALTHY,9.3
396,Ramon Walker Jr.,Houston,2,South,2.5,3.724491708090575,HEALTHY,9.3
397,Asa Thomas,Furman,15,East,9.8,1.0183299698297115,HEALTHY,9.3
398,Charles Johnston,Furman,15,East,9.8,1.0183299698297115,HEALTHY,9.3
399,Hunter Erickson,Hawaii,13,West,8.5,1.06869105992416,HEALTHY,9.2
400,Thierry Darlan,Santa Clara,10,Midwest,6.3,1.5284786552241998,HEALTHY,9.1
401,Zach Clemence,Texas A&M,10,South,7.1,1.411825254632773,HEALTHY,9.1
402,Jake Ensminger,Santa Clara,10,Midwest,6.3,1.5284786552241998,HEALTHY,9.1
403,Andy Stefonowicz,North Dakota St.,14,East,9.2,1.0456401193582971,HEALTHY,9.1
404,Ruben Prey,St. John's,5,East,3.9,2.5408309416140598,HEALTHY,8.9
405,Emanuel Richards,LIU,16,West,9.7,1.0036437675913061,HEALTHY,8.9
406,Tyeree Bryan,Texas Tech,5,Midwest,3.7,2.3130387733372295,HEALTHY,8.8
407,Dominic Pangonis,Wright St.,14,Midwest,9.0,1.036398647155245,HEALTHY,8.8
408,Chandler Bing,Vanderbilt,5,South,3.6,2.6436125803498878,HEALTHY,8.8
409,Chendall Weaver,Texas,11,West,5.7,1.554548032078429,HEALTHY,8.8
410,Tasman Goodrick,Siena,16,East,9.7,1.0044571307095171,HEALTHY,8.7
411,Cobi Campbell,Troy,13,South,9.0,1.0371344851093125,HEALTHY,8.7
412,Harry Wessels,Saint Mary's,7,South,4.9,1.82926488597886,HEALTHY,8.7
413,Sharron Young,Akron,12,Midwest,7.3,1.2392382196804697,HEALTHY,8.7
414,Cade Phillips,Tennessee,6,Midwest,3.8,2.302221188802216,HEALTHY,8.6
415,Butta Johnson,Clemson,8,South,6.2,1.4382894751561899,HEALTHY,8.6
416,Keitenn Bristow,Alabama,4,Midwest,3.6,2.57109940305159,HEALTHY,8.6
417,Jasper Johnson,Kentucky,7,Midwest,5.2,1.7135309423266827,HEALTHY,8.6
418,Antoine Lorick III,Tennessee St.,15,Midwest,9.5,1.0101049267028637,HEALTHY,8.5
419,Kellen Pickett,Wright St.,14,Midwest,8.7,1.036398647155245,HEALTHY,8.5
420,Jevon Porter,Missouri,10,West,6.2,1.374563389623388,HEALTHY,8.4
421,Tyrell Ward,VCU,11,South,5.8,1.4760089750977734,HEALTHY,8.3
422,Timotej Malovec,Miami FL,7,West,4.5,1.8667176892510149,HEALTHY,8.3
423,Chris Johnson,UCF,10,East,6.4,1.350557396923231,HEALTHY,8.3
424,Liam Campbell,Saint Mary's,7,South,4.6,1.82926488597886,HEALTHY,8.2
425,Jamari McDowell,Kansas,4,East,3.5,2.5101739632553723,HEALTHY,8.2
426,Jacari Lane,Texas A&M,10,South,6.4,1.411825254632773,HEALTHY,8.2
427,AJ Levine,Penn,14,South,8.3,1.017029967407469,HEALTHY,8.1
428,Jonathan Powell,North Carolina,6,South,4.8,1.7095098887155487,HEALTHY,8.1
429,Travelle Bryson,Howard,16,Midwest,8.8,1.0045034869096259,HEALTHY,7.9
430,Jerrell Bellamy,Troy,13,South,8.2,1.0371344851093125,HEALTHY,7.9
431,Amaree Abram,Tennessee,6,Midwest,3.5,2.302221188802216,HEALTHY,7.9
432,Davion Hannah,Alabama,4,Midwest,3.3,2.57109940305159,HEALTHY,7.9
433,Jamar Brown,UCLA,7,East,3.9,2.0161482353138735,HEALTHY,7.8
434,Alex Cotton,Howard,16,Midwest,8.7,1.0045034869096259,HEALTHY,7.8
435,Kohl Rosario,Kansas,4,East,3.3,2.5101739632553723,HEALTHY,7.8
436,Braden Hausen,High Point,12,West,6.8,1.1311220402504045,HEALTHY,7.7
437,Jake Wilkins,Georgia,8,Midwest,4.9,1.6617506923008816,HEALTHY,7.7
438,Brendan Coyle,Siena,16,East,8.6,1.0044571307095171,HEALTHY,7.7
439,Joshua DeCady,Hofstra,13,Midwest,6.3,1.1364766594031814,HEALTHY,7.7
440,Tom House,Furman,15,East,8.1,1.0183299698297115,HEALTHY,7.6
441,Brandon Garrison,Kentucky,7,Midwest,4.6,1.7135309423266827,HEALTHY,7.6
442,Kareem Stagg,Georgia,8,Midwest,4.8,1.6617506923008816,HEALTHY,7.5
443,Tay Smith,North Dakota St.,14,East,7.7,1.0456401193582971,HEALTHY,7.5
444,Paul Otieno,Saint Louis,9,Midwest,5.2,1.4727381323101199,HEALTHY,7.5
445,Aleksej Kostic,BYU,6,West,4.2,1.8481791455422223,HEALTHY,7.5
446,Jake Wahlin,Clemson,8,South,5.4,1.4382894751561899,HEALTHY,7.5
447,Maban Jabriel,Queens,15,West,7.6,1.0127140182089793,HEALTHY,7.4
448,Max Weisbrod,Northern Iowa,12,East,6.5,1.1553589983037877,HEALTHY,7.4
449,Alphonzo Billups III,LIU,16,West,8.1,1.0036437675913061,HEALTHY,7.4
450,Ali Dibba,Texas A&M,10,South,5.6,1.411825254632773,HEALTHY,7.1
451,Dylan James,Georgia,8,Midwest,4.5,1.6617506923008816,HEALTHY,7.0
452,Elijah Perryman,Utah St.,9,West,4.6,1.616516675564739,HEALTHY,7.0
453,Kobe Rodgers,Louisville,6,East,3.3,2.205399506318841,HEALTHY,6.9
454,KJ Cochran,Santa Clara,10,Midwest,4.8,1.5284786552241998,HEALTHY,6.9
455,Kyan Evans,North Carolina,6,South,4.1,1.7095098887155487,HEALTHY,6.9
456,Brody Rowbury,Idaho,15,South,7.8,1.0137974280873858,HEALTHY,6.9
457,Devan Cambridge,UCF,10,East,5.4,1.350557396923231,HEALTHY,6.9
458,Ben Vander Wal,Furman,15,East,7.3,1.0183299698297115,HEALTHY,6.8
459,Chase Johnston,High Point,12,West,6.1,1.1311220402504045,HEALTHY,6.8
460,Brendan Hausen,Iowa,9,South,4.0,1.7814503049246637,HEALTHY,6.8
461,Isaiah Kerr,Hawaii,13,West,6.3,1.06869105992416,HEALTHY,6.8
462,Andrew Urosevic,Lehigh,16,South,7.3,1.002541867090624,HEALTHY,6.8
463,Ahmad Nowell,VCU,11,South,4.7,1.4760089750977734,HEALTHY,6.7
464,Cody Pennebaker,Kennesaw St.,14,West,7.1,1.0279578688487963,HEALTHY,6.7
465,Aly Khalifa,Louisville,6,East,3.2,2.205399506318841,HEALTHY,6.6
466,Jaylen Benard,LIU,16,West,7.3,1.0036437675913061,HEALTHY,6.6
467,Justin Bailey,Georgia,8,Midwest,4.2,1.6617506923008816,HEALTHY,6.6
468,Taison Chatman,Ohio St.,8,East,4.5,1.7611080882065249,PROBABLE,6.6
469,Antonio Chandler,Siena,16,East,7.3,1.0044571307095171,HEALTHY,6.5
470,Malachi Palmer,Villanova,8,West,4.4,1.5121586040559252,HEALTHY,6.5
471,Aaron Hunkin-Claytor,Hawaii,13,West,6.0,1.06869105992416,HEALTHY,6.5
472,Jerrell Colbert,McNeese,12,South,5.8,1.136171265864272,HEALTHY,6.5
473,Silas Sunday,Hofstra,13,Midwest,5.2,1.1364766594031814,HEALTHY,6.3
474,Jacolb Fredson-Cole,McNeese,12,South,5.5,1.136171265864272,HEALTHY,6.2
475,Jonathan Griman,Cal Baptist,13,East,6.1,1.0838741392172644,HEALTHY,6.2
476,Nic Codie,Texas,11,West,4.0,1.554548032078429,HEALTHY,6.2
477,Andrea Holden,Wright St.,14,Midwest,6.3,1.036398647155245,HEALTHY,6.1
478,Devon Malcolm,Cal Baptist,13,East,5.9,1.0838741392172644,HEALTHY,6.0
479,Vincent Brady II,High Point,12,West,5.4,1.1311220402504045,HEALTHY,6.0
480,Jace Posey,TCU,9,East,4.6,1.3781844550024145,HEALTHY,6.0
481,Carmelo Pacheco,UCF,10,East,4.7,1.350557396923231,HEALTHY,6.0
482,Ethan Burg,Tennessee,6,Midwest,2.6,2.302221188802216,HEALTHY,5.9
483,Jack Payne,Idaho,15,South,6.7,1.0137974280873858,HEALTHY,5.9
484,Dalton Scantlebury,Penn,14,South,6.0,1.017029967407469,HEALTHY,5.8
485,Jalen Pitre,Tennessee St.,15,Midwest,6.5,1.0101049267028637,HEALTHY,5.8
486,Khalil London,Tennessee St.,15,Midwest,6.4,1.0101049267028637,HEALTHY,5.7
487,Victory Onuetu,Hofstra,13,Midwest,4.7,1.1364766594031814,HEALTHY,5.7
488,Josh Holloway,Texas A&M,10,South,4.5,1.411825254632773,HEALTHY,5.7
489,Jermaine O'Neal Jr.,SMU,11,Midwest,4.6,1.3320881346204778,HEALTHY,5.6
490,Cam Thrower,Penn,14,South,5.7,1.017029967407469,HEALTHY,5.5
491,Mihailo Boškovic,BYU,6,West,3.1,1.8481791455422223,HEALTHY,5.5
492,Isaiah Jones,South Florida,11,East,4.5,1.3151764898384812,HEALTHY,5.5
493,Augustus Gerhart,Penn,14,South,5.6,1.017029967407469,HEALTHY,5.4
494,Brandon Williams,UCLA,7,East,2.7,2.0161482353138735,HEALTHY,5.4
495,King-Njhsanni Wilhite,Kennesaw St.,14,West,5.8,1.0279578688487963,HEALTHY,5.4
496,John Bol,UCF,10,East,6.0,1.350557396923231,DAY-TO-DAY,5.4
497,Zach Keller,Utah St.,9,West,3.5,1.616516675564739,HEALTHY,5.3
498,Logan Woods,Wright St.,14,Midwest,5.4,1.036398647155245,HEALTHY,5.2
499,Daimion Collins,South Florida,11,East,4.2,1.3151764898384812,HEALTHY,5.2
500,Tucker Anderson,Utah St.,9,West,3.4,1.616516675564739,HEALTHY,5.2
501,Jack Janicki,Wisconsin,5,West,2.2,2.359309933617631,HEALTHY,5.2
502,Eddrin Bronson,Furman,15,East,5.6,1.0183299698297115,HEALTHY,5.2
503,Thomas Ndong,Cal Baptist,13,East,5.0,1.0838741392172644,HEALTHY,5.1
504,Bradey Henige,Cal Baptist,13,East,4.9,1.0838741392172644,HEALTHY,5.0
505,Carlous Williams,Tennessee St.,15,Midwest,5.7,1.0101049267028637,HEALTHY,5.0
506,Trent Noah,Kentucky,7,Midwest,3.0,1.7135309423266827,HEALTHY,4.9
507,Carl Cherenfant,McNeese,12,South,4.3,1.136171265864272,HEALTHY,4.8
508,Keyshawn Mitchell,VCU,11,South,3.4,1.4760089750977734,HEALTHY,4.8
509,Yacine Toumi,Hawaii,13,West,4.4,1.06869105992416,HEALTHY,4.7
510,Cole Bowser,Furman,15,East,5.1,1.0183299698297115,HEALTHY,4.7
511,Seth Joba,Idaho,15,South,5.3,1.0137974280873858,HEALTHY,4.7
512,Errol White,Kennesaw St.,14,West,5.0,1.0279578688487963,HEALTHY,4.7
513,Caleb Thomas,Lehigh,16,South,5.0,1.002541867090624,HEALTHY,4.6
514,Justin Abson,Georgia,8,Midwest,2.9,1.6617506923008816,HEALTHY,4.5
515,Jordan Muller,Cal Baptist,13,East,4.5,1.0838741392172644,HEALTHY,4.5
516,Adriel Nyorha,South Florida,11,East,3.7,1.3151764898384812,HEALTHY,4.5
517,Eric Freeny,UCLA,7,East,2.2,2.0161482353138735,HEALTHY,4.4
518,Ivan Njegovan,Ohio St.,8,East,2.7,1.7611080882065249,HEALTHY,4.4
519,Rory Hawke,Saint Mary's,7,South,2.5,1.82926488597886,HEALTHY,4.4
520,Tafara Gapare,Villanova,8,West,2.9,1.5121586040559252,HEALTHY,4.3
521,Kyle Pock,Northern Iowa,12,East,3.8,1.1553589983037877,HEALTHY,4.3
522,Abijah Franklin,Furman,15,East,4.6,1.0183299698297115,HEALTHY,4.3
523,Luke Northweather,Missouri,10,West,3.1,1.374563389623388,HEALTHY,4.2
524,Khadim Mboup,BYU,6,West,2.3,1.8481791455422223,HEALTHY,4.1
525,Eian Lowe,Kennesaw St.,14,West,4.3,1.0279578688487963,HEALTHY,4.0
526,Devin Haid,South Florida,11,East,3.3,1.3151764898384812,HEALTHY,4.0
527,Peitok Machar,McNeese,12,South,3.6,1.136171265864272,HEALTHY,4.0
528,A.J. Wills,Hofstra,13,Midwest,3.2,1.1364766594031814,HEALTHY,3.9
529,Peter Kramer,Lehigh,16,South,4.1,1.002541867090624,HEALTHY,3.8
530,Christian Jones,Siena,16,East,4.3,1.0044571307095171,HEALTHY,3.8
531,Kerrington Kiel,Troy,13,South,3.9,1.0371344851093125,HEALTHY,3.7
532,Jay Jones,Penn,14,South,3.9,1.017029967407469,HEALTHY,3.7
533,Puff Johnson,Ohio St.,8,East,2.3,1.7611080882065249,HEALTHY,3.7
534,Jayden Gambrell,Kennesaw St.,14,West,4.0,1.0279578688487963,HEALTHY,3.7
535,Lassina Traore,Texas,11,West,3.4,1.554548032078429,DAY-TO-DAY,3.7
536,Jalen Vazquez,Lehigh,16,South,3.9,1.002541867090624,HEALTHY,3.6
537,Mike James,Vanderbilt,5,South,1.5,2.6436125803498878,HEALTHY,3.6
538,Annor Boateng,Missouri,10,West,2.7,1.374563389623388,HEALTHY,3.6
539,Emil Skytta,North Dakota St.,14,East,3.7,1.0456401193582971,HEALTHY,3.6
540,Austin Cross,Troy,13,South,3.7,1.0371344851093125,HEALTHY,3.5
541,Elijah Jones,LIU,16,West,3.9,1.0036437675913061,HEALTHY,3.5
542,Danas Kazakevicius,Howard,16,Midwest,3.9,1.0045034869096259,HEALTHY,3.5
543,Ismael Diouf,Northern Iowa,12,East,3.1,1.1553589983037877,HEALTHY,3.5
544,Bryan Etumnu,Wright St.,14,Midwest,3.4,1.036398647155245,HEALTHY,3.3
545,Xavier Brown,South Florida,11,East,2.7,1.3151764898384812,HEALTHY,3.3
546,Riley Mulvey,Siena,16,East,3.8,1.0044571307095171,HEALTHY,3.3
547,Isaiah Henderson,Siena,16,East,3.8,1.0044571307095171,HEALTHY,3.3
548,Miles Klapper,Idaho,15,South,3.8,1.0137974280873858,HEALTHY,3.3
549,Zach Halligan,Akron,12,Midwest,2.7,1.2392382196804697,HEALTHY,3.2
550,Trevon Blassingame,Idaho,15,South,3.7,1.0137974280873858,HEALTHY,3.2
551,Gus Larson,Queens,15,West,3.1,1.0127140182089793,HEALTHY,3.0
552,RJ Taylor,Northern Iowa,12,East,2.7,1.1553589983037877,HEALTHY,3.0
553,Carson Smith,North Dakota St.,14,East,3.1,1.0456401193582971,HEALTHY,3.0
554,Lucas Lueth,Penn,14,South,3.0,1.017029967407469,HEALTHY,2.9
555,Jayden Barrs,Kennesaw St.,14,West,3.1,1.0279578688487963,HEALTHY,2.9
556,Yanis Ndjonga,McNeese,12,South,2.5,1.136171265864272,HEALTHY,2.8
557,Joshua Aaron Reaves,Hofstra,13,Midwest,2.3,1.1364766594031814,HEALTHY,2.8
558,Sam Alamutu,Wright St.,14,Midwest,2.9,1.036398647155245,HEALTHY,2.8
559,Collin O'Neal,Furman,15,East,2.9,1.0183299698297115,HEALTHY,2.7
560,Gabe Cupps,Ohio St.,8,East,1.6,1.7611080882065249,HEALTHY,2.6
561,Rene D'Amelio,Cal Baptist,13,East,2.6,1.0838741392172644,HEALTHY,2.6
562,Kevin Gad,Saint Mary's,7,South,1.4,1.82926488597886,HEALTHY,2.5
563,Isaiah Brown,Howard,16,Midwest,2.8,1.0045034869096259,HEALTHY,2.5
564,Jabrion Spikes,Tennessee St.,15,Midwest,2.9,1.0101049267028637,HEALTHY,2.5
565,Owen Schlager,Siena,16,East,2.8,1.0044571307095171,HEALTHY,2.4
566,Miles Daniels,Cal Baptist,13,East,2.4,1.0838741392172644,HEALTHY,2.4
567,Kavien Jones,Tennessee St.,15,Midwest,2.8,1.0101049267028637,HEALTHY,2.4
568,Abdullah Ahmed,BYU,6,West,1.3,1.8481791455422223,HEALTHY,2.3
569,Elijah Kelly,LIU,16,West,2.3,1.0036437675913061,HEALTHY,2.0
570,KJ McClurg,LIU,16,West,2.0,1.0036437675913061,HEALTHY,1.8
571,Janko Bulajic,Kennesaw St.,14,West,1.5,1.0279578688487963,HEALTHY,1.4
572,Christian Fermin,VCU,11,South,0.8,1.4760089750977734,HEALTHY,1.1
573,Caleb Foster,Duke,1,East,8.5,4.71559550237219,OUT,0.0
574,Caleb Wilson,North Carolina,6,South,19.8,1.7095098887155487,OUT,0.0
575,Matt Hodge,Villanova,8,West,9.2,1.5121586040559252,OUT,0.0
576,Aden Holloway,Alabama,4,Midwest,16.6,2.57109940305159,OUT,0.0
577,Carter Welling,Clemson,8,South,10.2,1.4382894751561899,OUT,0.0
578,L.J. Cason,Michigan,1,Midwest,8.4,4.617915244286169,OUT,0.0
579,Braden Huff,Gonzaga,3,West,16.4,3.070244536211122,OUT,0.0
580,Mikel Brown Jr.,Louisville,6,East,19.4,2.205399506318841,OUT,0.0
581,JT Toppin,Texas Tech,5,Midwest,21.0,2.3130387733372295,OUT,0.0
582,Jayden Quaintance,Kentucky,7,Midwest,5.0,1.7135309423266827,OUT,0.0
583,Dawson Baker,BYU,6,West,7.5,1.8481791455422223,OUT,0.0
584,Richie Saunders,BYU,6,West,16.8,1.8481791455422223,OUT,0.0
