rank,player,espn_id,team,seed,region,ppg,expected_games,injury_status,projected_points
1,Cameron Boozer,5041935,Duke,1,East,22.5,4.493977963625555,HEALTHY,101.2
2,Brayden Burries,5082206,Arizona,1,West,16.5,4.443344884710985,HEALTHY,72.8
3,Isaiah Evans,5061585,Duke,1,East,15.4,4.493977963625555,HEALTHY,69.3
4,Joshua Jefferson,4870564,Iowa St.,2,Midwest,17.1,3.6693030989288906,HEALTHY,64.2
5,Yaxel Lendeborg,5175737,Michigan,1,Midwest,15.2,4.41674628989956,PROBABLE,63.1
6,Thomas Haugh,5080489,Florida,1,South,16.6,3.84665313986956,HEALTHY,62.3
7,Keaton Wagler,5254165,Illinois,3,South,17.4,3.538490526143555,HEALTHY,61.9
8,Alex Condon,5174657,Florida,1,South,16.4,3.84665313986956,HEALTHY,61.6
9,Milan Momcilovic,4848637,Iowa St.,2,Midwest,16.3,3.6693030989288906,HEALTHY,61.2
10,Graham Ike,4703396,Gonzaga,3,West,19.4,3.047385403763646,HEALTHY,61.2
11,Kingston Flemings,5149077,Houston,2,South,16.2,3.6247274327563526,HEALTHY,60.5
12,Koa Peat,5041953,Arizona,1,West,13.4,4.443344884710985,HEALTHY,59.1
13,Darius Acuff Jr.,5142620,Arkansas,4,West,24.6,2.6680424898108748,RETURNING,57.9
14,Fletcher Loyer,5105853,Purdue,2,West,15.0,3.6130993363041974,HEALTHY,57.6
15,Trey Kaufman-Renn,4897438,Purdue,2,West,14.4,3.6130993363041974,HEALTHY,55.3
16,Morez Johnson Jr.,4873153,Michigan,1,Midwest,12.4,4.41674628989956,HEALTHY,54.2
17,Jaden Bradley,4432737,Arizona,1,West,12.2,4.443344884710985,HEALTHY,53.8
18,Jeremy Fears Jr.,4711255,Michigan St.,3,East,17.2,3.0944520767617063,HEALTHY,53.7
19,Emanuel Sharp,5106058,Houston,2,South,14.1,3.6247274327563526,HEALTHY,52.7
20,Nick Boyd,4702654,Wisconsin,5,West,21.2,2.3923127402223368,HEALTHY,52.5
21,John Blackwell,5103630,Wisconsin,5,West,20.8,2.3923127402223368,HEALTHY,51.5
22,Tamin Lipsey,5106254,Iowa St.,2,Midwest,13.7,3.6693030989288906,HEALTHY,51.4
23,Tyler Tanner,5187600,Vanderbilt,5,South,20.5,2.6018970544759368,HEALTHY,50.8
24,Aday Mara,5174983,Michigan,1,Midwest,11.6,4.41674628989956,HEALTHY,50.7
25,Labaron Philon Jr.,4873090,Alabama,4,Midwest,21.5,2.544908801467093,PROBABLE,49.8
26,David Mirkovic,5311832,Illinois,3,South,14.0,3.538490526143555,HEALTHY,49.8
27,Darryn Peterson,5041955,Kansas,4,East,20.2,2.5159104208797536,HEALTHY,48.9
28,Pryce Sandfort,4858604,Nebraska,4,South,17.6,2.6952359245714788,HEALTHY,48.2
29,AJ Dybantsa,5142718,BYU,6,West,26.1,1.862898980650907,HEALTHY,48.1
30,Braden Smith,5105854,Purdue,2,West,12.3,3.6130993363041974,HEALTHY,47.2
31,Ja'Kobi Gillespie,5107968,Tennessee,6,Midwest,17.8,2.5670186615697825,HEALTHY,46.9
32,Motiejus Krivas,5174954,Arizona,1,West,10.5,4.443344884710985,HEALTHY,46.3
33,Tarris Reed Jr.,5105809,Connecticut,2,East,13.5,3.219274002088891,HEALTHY,44.9
34,Christian Anderson,5060701,Texas Tech,5,Midwest,18.5,2.304264390636621,HEALTHY,44.9
35,Ivan Kharchenkov,5311896,Arizona,1,West,10.1,4.443344884710985,HEALTHY,44.6
36,Elliot Cadeau,4869764,Michigan,1,Midwest,10.2,4.41674628989956,HEALTHY,44.6
37,Andrej Stojakovic,5175007,Illinois,3,South,12.4,3.538490526143555,HEALTHY,44.1
38,Boogie Fland,5238195,Florida,1,South,11.6,3.84665313986956,HEALTHY,43.5
39,Xaivian Lee,5107169,Florida,1,South,11.5,3.84665313986956,HEALTHY,43.2
40,Duke Miles,4702049,Vanderbilt,5,South,17.3,2.6018970544759368,HEALTHY,42.8
41,Nate Ament,5164559,Tennessee,6,Midwest,16.2,2.5670186615697825,HEALTHY,42.7
42,Kylan Boswell,4684269,Illinois,3,South,12.0,3.538490526143555,HEALTHY,42.7
43,Meleek Thomas,5041951,Arkansas,4,West,16.2,2.6680424898108748,HEALTHY,42.4
44,Jaxon Kohler,5105815,Michigan St.,3,East,13.5,3.0944520767617063,HEALTHY,42.1
45,Rueben Chinyelu,5174971,Florida,1,South,11.2,3.84665313986956,HEALTHY,42.0
46,Zuby Ejiofor,5106262,St. John's,5,East,18.0,2.5313694084806024,HEALTHY,42.0
47,Trey McKenney,5041954,Michigan,1,Midwest,9.6,4.41674628989956,HEALTHY,41.9
48,Tobe Awaka,5105555,Arizona,1,West,9.4,4.443344884710985,HEALTHY,41.5
49,Milos Uzan,5106272,Houston,2,South,11.1,3.6247274327563526,HEALTHY,41.5
50,Thijs De Ridder,5311846,Virginia,3,Midwest,14.5,2.7948047274761754,HEALTHY,41.0
51,Ryan Conwell,5107157,Louisville,6,East,19.2,2.1870154085088043,HEALTHY,40.7
52,Oscar Cluff,5174973,Purdue,2,West,10.6,3.6130993363041974,HEALTHY,40.7
53,Solo Ball,4895737,Connecticut,2,East,12.2,3.219274002088891,HEALTHY,40.5
54,Anthony Dell'Orso,5108141,Arizona,1,West,9.0,4.443344884710985,HEALTHY,39.7
55,Alex Karaban,4917149,Connecticut,2,East,11.9,3.219274002088891,HEALTHY,39.5
56,Trevon Brazile,4698719,Arkansas,4,West,15.0,2.6680424898108748,HEALTHY,39.2
57,Braylon Mullins,5196916,Connecticut,2,East,11.6,3.219274002088891,HEALTHY,38.5
58,Malik Thomas,4683758,Virginia,3,Midwest,13.5,2.7948047274761754,HEALTHY,38.2
59,Urban Klavzar,5238200,Florida,1,South,9.7,3.84665313986956,HEALTHY,36.4
60,Nimari Burnett,4433138,Michigan,1,Midwest,8.3,4.41674628989956,HEALTHY,36.3
61,Coen Carr,4872740,Michigan St.,3,East,11.6,3.0944520767617063,HEALTHY,36.2
62,Silas Demary Jr.,5054083,Connecticut,2,East,10.9,3.219274002088891,PROBABLE,36.2
63,Tomislav Ivisic,5214642,Illinois,3,South,10.0,3.538490526143555,HEALTHY,35.6
64,Tyler Bilodeau,5105626,UCLA,7,East,17.1,2.0356053518028934,HEALTHY,35.5
65,Donovan Atwell,5107355,Texas Tech,5,Midwest,14.6,2.304264390636621,HEALTHY,35.5
66,Chris Cenac Jr.,5142621,Houston,2,South,9.5,3.6247274327563526,HEALTHY,35.5
67,Tyon Grant-Foster,4700527,Gonzaga,3,West,11.2,3.047385403763646,HEALTHY,35.3
68,Rienk Mast,4592677,Nebraska,4,South,12.9,2.6952359245714788,HEALTHY,35.3
69,Bruce Thornton,5105837,Ohio St.,8,East,20.7,1.7889237383557972,HEALTHY,35.2
70,Carson Cooper,5105817,Michigan St.,3,East,10.8,3.0944520767617063,HEALTHY,33.7
71,Otega Oweh,5106270,Kentucky,7,Midwest,19.4,1.7336298535412897,HEALTHY,33.3
72,Robert Wright III,5060709,BYU,6,West,18.0,1.862898980650907,HEALTHY,33.1
73,Paulius Murauskas,5174955,Saint Mary's,7,South,17.9,1.857199447542232,HEALTHY,33.1
74,Bennett Stirtz,5241364,Iowa,9,South,18.6,1.8016798089121213,HEALTHY,32.8
75,Tre White,5105643,Kansas,4,East,13.5,2.5159104208797536,HEALTHY,32.7
76,Mikey Lewis,5240980,Saint Mary's,7,South,17.6,1.857199447542232,HEALTHY,32.5
77,Latrell Wrightsell,4702484,Alabama,4,Midwest,13.3,2.544908801467093,HEALTHY,32.4
78,Malik Reneau,5105798,Miami FL,7,West,17.0,1.8776178676640867,HEALTHY,32.1
79,C.J. Cox,5175591,Purdue,2,West,8.3,3.6130993363041974,HEALTHY,31.9
80,Cayden Boozer,5041937,Duke,1,East,7.1,4.493977963625555,HEALTHY,31.9
81,Braden Frager,5239571,Nebraska,4,South,11.6,2.6952359245714788,HEALTHY,31.7
82,Blake Buchanan,5079838,Iowa St.,2,Midwest,8.4,3.6693030989288906,HEALTHY,31.5
83,Joseph Tugler,5060700,Houston,2,South,8.4,3.6247274327563526,HEALTHY,31.4
84,Bryce Hopkins,4565698,St. John's,5,East,13.3,2.5313694084806024,HEALTHY,31.0
85,Sam Lewis,5176232,Virginia,3,Midwest,10.8,2.7948047274761754,HEALTHY,30.6
86,Roddy Gayle Jr.,5105836,Michigan,1,Midwest,7.0,4.41674628989956,HEALTHY,30.6
87,Tre Donaldson,4837356,Miami FL,7,West,16.2,1.8776178676640867,HEALTHY,30.6
88,Killyan Toure,5248302,Iowa St.,2,Midwest,8.1,3.6693030989288906,HEALTHY,30.4
89,Tyler Nickel,4838721,Vanderbilt,5,South,12.1,2.6018970544759368,HEALTHY,30.0
90,Mark Mitchell,4433285,Missouri,10,West,20.7,1.426436796426509,HEALTHY,29.8
91,Henri Veesaar,5105571,North Carolina,6,South,17.2,1.721717945536111,HEALTHY,29.6
92,Nolan Winter,4895783,Wisconsin,5,West,12.4,2.3923127402223368,RETURNING,29.1
93,Dailyn Swain,4848625,Texas,11,West,17.8,1.6048562965221431,HEALTHY,29.0
94,Flory Bidunga,5044426,Kansas,4,East,11.9,2.5159104208797536,HEALTHY,28.8
95,Billy Richmond III,5060732,Arkansas,4,West,11.0,2.6680424898108748,HEALTHY,28.8
96,John Mobley Jr.,5060708,Ohio St.,8,East,16.9,1.7889237383557972,HEALTHY,28.8
97,Trent Perry,5060706,UCLA,7,East,13.8,2.0356053518028934,HEALTHY,28.7
98,Amari Allen,5101833,Alabama,4,Midwest,11.7,2.544908801467093,HEALTHY,28.5
99,Dame Sarr,5287474,Duke,1,East,6.3,4.493977963625555,HEALTHY,28.3
100,Melvin Council Jr.,5177301,Kansas,4,East,11.6,2.5159104208797536,HEALTHY,28.1
101,LeJuan Watts,5107312,Texas Tech,5,Midwest,11.5,2.304264390636621,HEALTHY,27.9
102,Donovan Dent,5107782,UCLA,7,East,13.4,2.0356053518028934,HEALTHY,27.8
103,MJ Collins Jr.,5105401,Utah St.,9,West,17.2,1.6580742799109198,HEALTHY,27.5
104,Mario Saint-Supery,5313012,Gonzaga,3,West,8.6,3.047385403763646,HEALTHY,27.1
105,Aiden Sherrell,4873184,Alabama,4,Midwest,11.1,2.544908801467093,HEALTHY,27.0
106,Dominique Daniels Jr.,5178207,Cal Baptist,13,East,25.2,1.1208119328195636,HEALTHY,26.9
107,Chance Mallory,5150404,Virginia,3,Midwest,9.5,2.7948047274761754,HEALTHY,26.9
108,Mason Falslev,5107864,Utah St.,9,West,16.6,1.6580742799109198,HEALTHY,26.6
109,J.P. Estrella,5093142,Tennessee,6,Midwest,10.1,2.5670186615697825,HEALTHY,26.6
110,Jamarques Lawrence,5105825,Nebraska,4,South,9.7,2.6952359245714788,HEALTHY,26.5
111,Jeremiah Wilkinson,5165276,Georgia,8,Midwest,16.4,1.675608797331239,HEALTHY,26.5
112,Davis Fogle,5196913,Gonzaga,3,West,8.4,3.047385403763646,HEALTHY,26.5
113,Sam Hoiberg,4897432,Nebraska,4,South,9.6,2.6952359245714788,HEALTHY,26.3
114,Nikolas Khamenia,5144124,Duke,1,East,5.8,4.493977963625555,HEALTHY,26.1
115,Jamarion Batemon,5217196,Iowa St.,2,Midwest,6.9,3.6693030989288906,HEALTHY,25.9
116,Seth Trimble,4712836,North Carolina,6,South,15.0,1.721717945536111,HEALTHY,25.9
117,Wes Enis,5313560,South Florida,11,East,19.4,1.381051849636315,HEALTHY,25.7
118,Matas Vokietaitis,5239838,Texas,11,West,15.5,1.6048562965221431,HEALTHY,25.3
119,Malique Ewin,5105546,Arkansas,4,West,9.6,2.6680424898108748,HEALTHY,25.1
120,Oziyah Sellers,5105642,St. John's,5,East,10.7,2.5313694084806024,HEALTHY,25.0
121,J'Vonne Hadley,4702784,Louisville,6,East,11.8,2.1870154085088043,HEALTHY,25.0
122,Zvonimir Ivisic,5174665,Illinois,3,South,7.0,3.538490526143555,HEALTHY,24.9
123,Jacari White,5107274,Virginia,3,Midwest,8.8,2.7948047274761754,HEALTHY,24.9
124,Charles Bediako,4565203,Alabama,4,Midwest,10.0,2.544908801467093,HEALTHY,24.4
125,Tru Washington,4845368,Miami FL,7,West,12.9,1.8776178676640867,HEALTHY,24.4
126,Skyy Clark,5105794,UCLA,7,East,11.7,2.0356053518028934,HEALTHY,24.3
127,Kur Teng,4873111,Michigan St.,3,East,7.7,3.0944520767617063,HEALTHY,24.0
128,AK Okereke,5114350,Vanderbilt,5,South,9.7,2.6018970544759368,HEALTHY,24.0
129,Adam Miller,4432175,Gonzaga,3,West,7.6,3.047385403763646,HEALTHY,24.0
130,Tavari Johnson,5108059,Akron,12,Midwest,18.9,1.2931262162238186,HEALTHY,23.9
131,Austin Rapp,5240971,Wisconsin,5,West,9.6,2.3923127402223368,HEALTHY,23.8
132,Devin McGlockton,4791227,Vanderbilt,5,South,9.6,2.6018970544759368,HEALTHY,23.8
133,Denzel Aberdeen,5105527,Kentucky,7,Midwest,13.8,1.7336298535412897,HEALTHY,23.7
134,Kanon Catchings,5243212,Georgia,8,Midwest,14.6,1.675608797331239,HEALTHY,23.6
135,Eric Dailey Jr.,4610012,UCLA,7,East,11.3,2.0356053518028934,HEALTHY,23.5
136,Joshua Dent,5183875,Saint Mary's,7,South,12.7,1.857199447542232,HEALTHY,23.5
137,Cruz Davis,5107198,Hofstra,13,Midwest,18.2,1.187657446775464,HEALTHY,23.5
138,Shelton Henderson,5101809,Miami FL,7,West,12.3,1.8776178676640867,HEALTHY,23.3
139,Jaylen Petty,5221321,Texas Tech,5,Midwest,9.5,2.304264390636621,HEALTHY,23.1
140,Daniel Jacobsen,5144147,Purdue,2,West,6.0,3.6130993363041974,HEALTHY,23.0
141,Terrence Hill Jr.,5060712,VCU,11,South,15.1,1.528632640283778,HEALTHY,22.8
142,Larry Johnson,5144375,McNeese,12,South,19.1,1.1878602559564904,HEALTHY,22.7
143,Eric Reibe,5152763,Connecticut,2,East,6.8,3.219274002088891,HEALTHY,22.6
144,Isaac McKneely,4712845,Louisville,6,East,10.6,2.1870154085088043,HEALTHY,22.5
145,Jalen Washington,4433625,Vanderbilt,5,South,9.1,2.6018970544759368,HEALTHY,22.5
146,Ian Jackson,4869770,St. John's,5,East,9.6,2.5313694084806024,HEALTHY,22.4
147,Preston Edmead,5236222,Hofstra,13,Midwest,17.1,1.187657446775464,HEALTHY,22.1
148,Tramon Mark,4432243,Texas,11,West,13.5,1.6048562965221431,HEALTHY,22.0
149,Omer Mayer,5312035,Purdue,2,West,5.7,3.6130993363041974,HEALTHY,21.9
150,Patrick Ngongba II,4873209,Duke,1,East,10.7,4.493977963625555,DAY-TO-DAY,21.9
151,Christian Hammond,5176359,Santa Clara,10,Midwest,14.5,1.5799635617998462,HEALTHY,21.9
152,Devin Royal,4895776,Ohio St.,8,East,12.8,1.7889237383557972,HEALTHY,21.8
153,Jordan Pope,5105624,Texas,11,West,13.3,1.6048562965221431,HEALTHY,21.7
154,Rashaun Agee,4593815,Texas A&M,10,South,16.2,1.4566855454590613,HEALTHY,21.7
155,Ben Humrichous,5177736,Illinois,3,South,6.1,3.538490526143555,HEALTHY,21.7
156,Maliq Brown,5105337,Duke,1,East,4.8,4.493977963625555,HEALTHY,21.6
157,Braeden Carrington,5105820,Wisconsin,5,West,8.4,2.3923127402223368,HEALTHY,20.8
158,David Punch,5164368,TCU,9,East,15.1,1.4134181836532724,HEALTHY,20.8
159,Robbie Avila,4917097,Saint Louis,9,Midwest,13.6,1.5222445358331,HEALTHY,20.6
160,Tyler Perkins,5182412,Villanova,8,West,13.4,1.5362013103644672,HEALTHY,20.6
161,Isaiah Brown,5144372,Florida,1,South,5.5,3.84665313986956,HEALTHY,20.6
162,Jake Davis,5176150,Illinois,3,South,5.8,3.538490526143555,HEALTHY,20.6
163,Riley Kugel,5105529,UCF,10,East,15.1,1.3981367768674555,HEALTHY,20.4
164,Johann Grunloh,5311844,Virginia,3,Midwest,7.2,2.7948047274761754,HEALTHY,20.4
165,Felix Okpara,5105841,Tennessee,6,Midwest,7.7,2.5670186615697825,HEALTHY,20.3
166,Terry Anderson,5241590,High Point,12,West,17.0,1.1776837815335008,HEALTHY,20.2
167,Duke Brennan,4870569,Villanova,8,West,13.0,1.5362013103644672,HEALTHY,20.0
168,D.J. Wagner,4683777,Arkansas,4,West,7.6,2.6680424898108748,HEALTHY,19.9
169,Bryson Tiller,5041958,Kansas,4,East,8.2,2.5159104208797536,HEALTHY,19.9
170,TJ Power,4684843,Penn,14,South,20.0,1.0315226931276236,HEALTHY,19.9
171,Blue Cain,5174661,Georgia,8,Midwest,12.1,1.675608797331239,HEALTHY,19.6
172,Lazar Djokovic,5175368,VCU,11,South,12.9,1.528632640283778,HEALTHY,19.5
173,Jaylen Carey,4685687,Tennessee,6,Midwest,7.4,2.5670186615697825,HEALTHY,19.5
174,Sananda Fru,5311967,Louisville,6,East,9.2,2.1870154085088043,HEALTHY,19.5
175,Joson Sanon,5142625,St. John's,5,East,8.3,2.5313694084806024,HEALTHY,19.4
176,Jalen Warley,4683147,Gonzaga,3,West,6.8,3.047385403763646,RETURNING,19.3
177,Elijah Mahi,5241069,Santa Clara,10,Midwest,12.8,1.5799635617998462,HEALTHY,19.3
178,Frankie Collins,4433616,Vanderbilt,5,South,7.8,2.6018970544759368,HEALTHY,19.3
179,Ugnius Jarusevicius,5108721,Nebraska,4,South,7.0,2.6952359245714788,HEALTHY,19.2
180,Marcus Millender,5176681,Georgia,8,Midwest,11.9,1.675608797331239,HEALTHY,19.2
181,Dillon Mitchell,5106283,St. John's,5,East,8.2,2.5313694084806024,HEALTHY,19.1
182,Ugonna Onyenso,5037878,Virginia,3,Midwest,6.7,2.7948047274761754,HEALTHY,19.0
183,Izaiyah Nelson,5107251,South Florida,11,East,14.3,1.381051849636315,HEALTHY,18.9
184,Christoph Tilly,5109790,Ohio St.,8,East,11.0,1.7889237383557972,HEALTHY,18.7
185,Rob Martin,5107904,High Point,12,West,15.7,1.1776837815335008,HEALTHY,18.7
186,Dontae Horne,5176727,Prairie View A&M,16,South,20.2,1.0067552530800046,HEALTHY,18.6
187,Tavion Banks,5241363,Iowa,9,South,10.5,1.8016798089121213,HEALTHY,18.5
188,Jordan Scott,5196931,Michigan St.,3,East,5.9,3.0944520767617063,HEALTHY,18.4
189,Jack Benter,5102618,Purdue,2,West,4.8,3.6130993363041974,HEALTHY,18.4
190,Themus Fulks,4704078,UCF,10,East,13.6,1.3981367768674555,HEALTHY,18.4
191,Emmanuel Innocenti,5176787,Gonzaga,3,West,5.8,3.047385403763646,HEALTHY,18.3
192,Bryce Lindsay,5174291,Villanova,8,West,11.9,1.5362013103644672,HEALTHY,18.3
193,Dwayne Aristode,5186456,Arizona,1,West,4.1,4.443344884710985,HEALTHY,18.1
194,Adrian Wooley,5242127,Louisville,6,East,8.5,2.1870154085088043,HEALTHY,18.0
195,Joseph Pinion,4699760,South Florida,11,East,13.6,1.381051849636315,HEALTHY,18.0
196,Gicarri Harris,5101658,Purdue,2,West,4.7,3.6130993363041974,HEALTHY,18.0
197,Tyshawn Archie,5175726,McNeese,12,South,15.1,1.1878602559564904,HEALTHY,18.0
198,Acaden Lewis,5144105,Villanova,8,West,11.6,1.5362013103644672,HEALTHY,17.9
199,Mercy Miller,4873086,Houston,2,South,4.8,3.6247274327563526,HEALTHY,17.9
200,Isaac Johnson,4898118,Hawaii,13,West,15.7,1.1122712394569803,HEALTHY,17.9
201,Amani Lyles,5108060,Akron,12,Midwest,14.0,1.2931262162238186,HEALTHY,17.7
202,Nate Heise,4703912,Iowa St.,2,Midwest,4.7,3.6693030989288906,HEALTHY,17.6
203,Berke Buyuktuncel,5174982,Nebraska,4,South,6.4,2.6952359245714788,HEALTHY,17.5
204,Allen Graves,5149115,Santa Clara,10,Midwest,11.6,1.5799635617998462,HEALTHY,17.5
205,Trey Campbell,5107887,Northern Iowa,12,East,14.6,1.2007746892837103,HEALTHY,17.4
206,Xavier Edmonds,5311928,TCU,9,East,12.6,1.4134181836532724,HEALTHY,17.3
207,Gavin Doty,5242926,Siena,16,East,19.0,1.0104217789334686,HEALTHY,17.2
208,RJ Godfrey,5105449,Clemson,8,South,11.9,1.4821492990678407,HEALTHY,17.2
209,Alex Wilkins,5314511,Furman,15,East,17.6,1.0340250474179207,HEALTHY,17.0
210,Collin Chandler,5238207,Kentucky,7,Midwest,9.9,1.7336298535412897,HEALTHY,17.0
211,Braeden Smith,5105672,Gonzaga,3,West,5.4,3.047385403763646,HEALTHY,17.0
212,Will Tschetter,4684596,Michigan,1,Midwest,3.9,4.41674628989956,HEALTHY,17.0
213,Dominykas Pleta,5281369,Iowa St.,2,Midwest,4.5,3.6693030989288906,HEALTHY,16.9
214,Luka Bogavac,5312014,North Carolina,6,South,9.8,1.721717945536111,HEALTHY,16.9
215,Dre Bullock,5106877,Hawaii,13,West,14.8,1.1122712394569803,HEALTHY,16.9
216,Javohn Garcia,4701125,McNeese,12,South,14.1,1.1878602559564904,HEALTHY,16.8
217,Dion Brown,5107242,Saint Louis,9,Midwest,11.1,1.5222445358331,HEALTHY,16.8
218,Trey Green,4711258,Saint Louis,9,Midwest,11.1,1.5222445358331,HEALTHY,16.8
219,Tai'Reon Joseph,4703215,Prairie View A&M,16,South,18.2,1.0067552530800046,HEALTHY,16.8
220,Dallin Hall,5105464,Virginia,3,Midwest,5.9,2.7948047274761754,HEALTHY,16.7
221,Darren Harris,4873107,Duke,1,East,3.7,4.493977963625555,HEALTHY,16.6
222,Amare Bynum,5196946,Ohio St.,8,East,9.7,1.7889237383557972,HEALTHY,16.5
223,Jordan Burks,5060684,UCF,10,East,12.2,1.3981367768674555,HEALTHY,16.5
224,Aaron Nkrumah,5182573,Tennessee St.,15,Midwest,18.0,1.0205527912566916,HEALTHY,16.4
225,Kristian Gonzalez,5176303,Idaho,15,South,18.0,1.0268929008951702,HEALTHY,16.4
226,Dylan Darling,5105658,St. John's,5,East,7.0,2.5313694084806024,HEALTHY,16.3
227,Bishop Boswell,5101648,Tennessee,6,Midwest,6.2,2.5670186615697825,HEALTHY,16.3
228,Houston Mallette,4709141,Alabama,4,Midwest,6.6,2.544908801467093,HEALTHY,16.1
229,Ethan Roberts,5108811,Penn,14,South,16.0,1.0315226931276236,HEALTHY,15.9
230,Divine Ugochukwu,5060733,Michigan St.,3,East,5.1,3.0944520767617063,HEALTHY,15.9
231,Jamichael Stillwell,5241667,UCF,10,East,11.7,1.3981367768674555,HEALTHY,15.8
232,Steele Venters,4592579,Gonzaga,3,West,5.0,3.047385403763646,HEALTHY,15.8
233,Thomas Dowd,5176732,Troy,13,South,15.7,1.061365531097464,HEALTHY,15.7
234,Kennard Davis Jr.,4685654,BYU,6,West,8.5,1.862898980650907,HEALTHY,15.7
235,Amari McCottry,5239707,Saint Louis,9,Midwest,10.3,1.5222445358331,HEALTHY,15.6
236,Rylan Griffen,4683682,Texas A&M,10,South,11.6,1.4566855454590613,HEALTHY,15.6
237,Jayden Ross,4895753,Connecticut,2,East,4.7,3.219274002088891,HEALTHY,15.6
238,Bryce Harris,4897768,Howard,16,Midwest,17.1,1.0107672076181229,HEALTHY,15.6
239,Cedric Taylor III,5192142,Howard,16,Midwest,17.1,1.0107672076181229,HEALTHY,15.6
240,Shammah Scott,5106652,Akron,12,Midwest,12.3,1.2931262162238186,HEALTHY,15.6
241,Cam Ward,5101798,Michigan St.,3,East,5.0,3.0944520767617063,HEALTHY,15.6
242,Somtochukwu Cyril,5238203,Georgia,8,Midwest,9.6,1.675608797331239,HEALTHY,15.5
243,Andrew McKeever,5176481,Saint Mary's,7,South,8.4,1.857199447542232,HEALTHY,15.5
244,Damari Wheeler-Thomas,5107273,North Dakota St.,14,East,15.2,1.0724002907644616,HEALTHY,15.5
245,Peter Suder,5106674,Miami OH,11,Midwest,14.6,1.1490672616807558,HEALTHY,15.4
246,Micah Handlogten,5108992,Florida,1,South,4.1,3.84665313986956,HEALTHY,15.4
247,Devin Askew,4702467,Villanova,8,West,10.0,1.5362013103644672,HEALTHY,15.4
248,Jayden Stone,4432196,Missouri,10,West,10.6,1.426436796426509,HEALTHY,15.3
249,Trent Pierce,5037881,Missouri,10,West,10.6,1.426436796426509,HEALTHY,15.3
250,Josh Omojafo,5241690,South Florida,11,East,11.5,1.381051849636315,HEALTHY,15.2
251,London Jemison,5144139,Alabama,4,Midwest,6.2,2.544908801467093,HEALTHY,15.1
252,Taylor Bol Bowen,4685658,Alabama,4,Midwest,6.2,2.544908801467093,HEALTHY,15.1
253,Travis Harper II,5242985,Tennessee St.,15,Midwest,16.5,1.0205527912566916,HEALTHY,15.0
254,Kellen Thames,5105980,Saint Louis,9,Midwest,9.9,1.5222445358331,HEALTHY,15.0
255,Brant Byers,5243053,Miami OH,11,Midwest,14.2,1.1490672616807558,HEALTHY,15.0
256,Mouhamed Dioubate,4895780,Kentucky,7,Midwest,8.7,1.7336298535412897,HEALTHY,14.9
257,Chase McCarty,5101660,Houston,2,South,4.0,3.6247274327563526,HEALTHY,14.9
258,Jadrian Tracey,4701030,VCU,11,South,9.9,1.528632640283778,HEALTHY,14.9
259,Connor Essegian,5105861,Nebraska,4,South,5.4,2.6952359245714788,HEALTHY,14.8
260,CJ Brown,5183925,South Florida,11,East,11.1,1.381051849636315,HEALTHY,14.7
261,Evan Ipsaro,5176212,Miami OH,11,Midwest,13.9,1.1490672616807558,HEALTHY,14.7
262,Karson Templin,5176273,Utah St.,9,West,9.1,1.6580742799109198,HEALTHY,14.6
263,Marcus Hill,5176153,Texas A&M,10,South,10.8,1.4566855454590613,HEALTHY,14.5
264,Micah Robinson,5037876,TCU,9,East,10.5,1.4134181836532724,HEALTHY,14.4
265,Rob Lee Jr.,5313558,Kennesaw St.,14,West,14.8,1.0486320822090252,HEALTHY,14.4
266,Jayden Pierre,5105619,TCU,9,East,10.5,1.4134181836532724,HEALTHY,14.4
267,Alvaro Folgueiras,5177211,Iowa,9,South,8.1,1.8016798089121213,HEALTHY,14.3
268,Xavier Booker,4711304,UCLA,7,East,6.9,2.0356053518028934,HEALTHY,14.3
269,Cooper Bowser,5176136,Furman,15,East,14.8,1.0340250474179207,HEALTHY,14.3
270,Nasir Mann,5176643,Queens,15,West,14.3,1.0248230731436103,HEALTHY,14.2
271,Isiah Harwell,5041942,Houston,2,South,3.8,3.6247274327563526,HEALTHY,14.2
272,Leon Bond III,4838704,Northern Iowa,12,East,11.9,1.2007746892837103,HEALTHY,14.2
273,Andrew Rohde,5109019,Wisconsin,5,West,5.7,2.3923127402223368,HEALTHY,14.1
274,Quentin Jones,5175171,Saint Louis,9,Midwest,9.2,1.5222445358331,HEALTHY,14.0
275,Jestin Porter,5106880,Clemson,8,South,9.6,1.4821492990678407,HEALTHY,13.9
276,Dillan Shaw,5313031,Saint Mary's,7,South,7.5,1.857199447542232,HEALTHY,13.9
277,Mackenzie Mgbako,4683779,Texas A&M,10,South,10.4,1.4566855454590613,HEALTHY,13.9
278,Jarin Stevenson,4873181,North Carolina,6,South,8.0,1.721717945536111,HEALTHY,13.8
279,Rubén Dominguez,5311530,Texas A&M,10,South,10.3,1.4566855454590613,HEALTHY,13.8
280,Ishan Sharma,5183809,Saint Louis,9,Midwest,9.1,1.5222445358331,HEALTHY,13.8
281,Malachi Moreno,5101849,Kentucky,7,Midwest,8.0,1.7336298535412897,HEALTHY,13.7
282,Jaland Lowe,4684270,Kentucky,7,Midwest,8.0,1.7336298535412897,HEALTHY,13.7
283,Cooper Koch,4873203,Iowa,9,South,7.7,1.8016798089121213,HEALTHY,13.6
284,Tyler Harris,5176497,Vanderbilt,5,South,5.5,2.6018970544759368,HEALTHY,13.6
285,Pop Isaacs,5106285,Texas A&M,10,South,10.1,1.4566855454590613,HEALTHY,13.5
286,Cooper Campbell,5240745,Troy,13,South,13.4,1.061365531097464,HEALTHY,13.4
287,TJ Burch,5241483,Wright St.,14,Midwest,13.3,1.0608709591867682,HEALTHY,13.4
288,Will Hornseth,5241409,Northern Iowa,12,East,11.2,1.2007746892837103,HEALTHY,13.4
289,Victor Valdes,5176736,Troy,13,South,13.4,1.061365531097464,HEALTHY,13.4
290,Michael Cooper,5314630,Wright St.,14,Midwest,13.3,1.0608709591867682,HEALTHY,13.4
291,Sash Gavalyugov,5215425,Santa Clara,10,Midwest,8.8,1.5799635617998462,HEALTHY,13.3
292,Eian Elmer,5093252,Miami OH,11,Midwest,12.6,1.1490672616807558,HEALTHY,13.3
293,Nick Davidson,4699440,Clemson,8,South,9.1,1.4821492990678407,HEALTHY,13.2
294,Brandon Jennings,5239713,VCU,11,South,8.7,1.528632640283778,HEALTHY,13.1
295,Cale Jacobsen,5105827,Nebraska,4,South,4.8,2.6952359245714788,HEALTHY,13.1
296,Nyk Lewis,5311890,VCU,11,South,8.7,1.528632640283778,HEALTHY,13.1
297,Ernest Udeh Jr.,5106261,Miami FL,7,West,6.9,1.8776178676640867,HEALTHY,13.0
298,DeWayne Brown II,5142710,Tennessee,6,Midwest,4.9,2.5670186615697825,HEALTHY,12.9
299,Braden Huff,4894445,Gonzaga,3,West,16.4,3.047385403763646,OUT,12.9
300,Evan Mahaffey,5105847,Akron,12,Midwest,10.2,1.2931262162238186,HEALTHY,12.9
301,Braden East,5242573,Kennesaw St.,14,West,13.2,1.0486320822090252,HEALTHY,12.8
302,T.O. Barrett,5144166,Missouri,10,West,8.9,1.426436796426509,HEALTHY,12.8
303,Cam'Ron Fletcher,4432182,High Point,12,West,10.7,1.1776837815335008,HEALTHY,12.7
304,Jaylin Stewart,4685647,Connecticut,2,East,4.5,3.219274002088891,DAY-TO-DAY,12.7
305,Yoav Berman,5240006,Queens,15,West,12.8,1.0248230731436103,HEALTHY,12.7
306,Anthony Robinson II,5054085,Missouri,10,West,8.8,1.426436796426509,HEALTHY,12.7
307,Jacoi Hutchinson,4845378,LIU,16,West,13.7,1.0087505174256424,HEALTHY,12.6
308,Cam Manyawu,5176283,Iowa,9,South,7.1,1.8016798089121213,HEALTHY,12.5
309,Theo Seng,4897957,Troy,13,South,12.5,1.061365531097464,HEALTHY,12.5
310,Martel Williams,4702158,Cal Baptist,13,East,11.6,1.1208119328195636,HEALTHY,12.4
311,Jacob Crews,4432515,Missouri,10,West,8.6,1.426436796426509,HEALTHY,12.4
312,Aleksas Bieliauskas,5312048,Wisconsin,5,West,5.0,2.3923127402223368,HEALTHY,12.4
313,Drake Allen,5105494,Utah St.,9,West,7.7,1.6580742799109198,HEALTHY,12.3
314,Harry Rouhliadeff,5107204,Hawaii,13,West,10.8,1.1122712394569803,HEALTHY,12.3
315,Justice Shoats,5242922,Siena,16,East,13.6,1.0104217789334686,HEALTHY,12.3
316,Biggie Patterson,5241495,Hofstra,13,Midwest,9.5,1.187657446775464,HEALTHY,12.3
317,Jackson Rasmussen,5237588,Idaho,15,South,13.5,1.0268929008951702,HEALTHY,12.3
318,Devin Tillis,4703393,Virginia,3,Midwest,4.3,2.7948047274761754,HEALTHY,12.2
319,Kolby King,5105604,Utah St.,9,West,7.6,1.6580742799109198,HEALTHY,12.2
320,Ace Buckner,5179085,Clemson,8,South,8.4,1.4821492990678407,HEALTHY,12.2
321,Dante Allen,5142709,Miami FL,7,West,6.4,1.8776178676640867,HEALTHY,12.1
322,Kolton Mitchell,5176318,Idaho,15,South,13.3,1.0268929008951702,HEALTHY,12.1
323,Cory Wells,4904928,Prairie View A&M,16,South,13.1,1.0067552530800046,HEALTHY,12.1
324,Brandon Noel,4702994,Ohio St.,8,East,7.1,1.7889237383557972,HEALTHY,12.1
325,Bukky Oboye,5176361,Santa Clara,10,Midwest,8.0,1.5799635617998462,HEALTHY,12.1
326,Markhi Strickland,4432494,North Dakota St.,14,East,11.8,1.0724002907644616,HEALTHY,12.0
327,German Plotnikov,5105719,Hofstra,13,Midwest,9.3,1.187657446775464,HEALTHY,12.0
328,Nick Pringle,4703887,Arkansas,4,West,4.6,2.6680424898108748,HEALTHY,12.0
329,Michael Imariagbe,4707481,Wright St.,14,Midwest,11.8,1.0608709591867682,HEALTHY,11.9
330,Elmarko Jackson,4872739,Kansas,4,East,4.9,2.5159104208797536,HEALTHY,11.9
331,Elijah Tucker,4684309,LIU,16,West,12.9,1.0087505174256424,HEALTHY,11.9
332,Trey Fort,4703411,Michigan St.,3,East,3.8,3.0944520767617063,HEALTHY,11.9
333,Ben Schwieger,4897474,Northern Iowa,12,East,9.9,1.2007746892837103,HEALTHY,11.8
334,Jordan Watford,5144110,Queens,15,West,11.9,1.0248230731436103,HEALTHY,11.8
335,Khani Rooths,4873187,Louisville,6,East,5.5,2.1870154085088043,HEALTHY,11.7
336,Brenton Knapper,4897209,Santa Clara,10,Midwest,7.7,1.5799635617998462,HEALTHY,11.6
337,Chris Ashby,5107088,Queens,15,West,11.7,1.0248230731436103,HEALTHY,11.6
338,Malachi Smith,4683861,Connecticut,2,East,3.5,3.219274002088891,HEALTHY,11.6
339,Michael Zanoni,5108877,Penn,14,South,11.6,1.0315226931276236,HEALTHY,11.6
340,Keba Keita,5105647,BYU,6,West,6.3,1.862898980650907,HEALTHY,11.6
341,Liutauras Lelevicius,5245624,TCU,9,East,8.4,1.4134181836532724,HEALTHY,11.5
342,Isaiah Brickner,5107768,Idaho,15,South,12.5,1.0268929008951702,HEALTHY,11.4
343,Luke Bamgboye,5061581,Texas Tech,5,Midwest,4.7,2.304264390636621,HEALTHY,11.4
344,Andrew Holifield,5116468,Kennesaw St.,14,West,11.7,1.0486320822090252,HEALTHY,11.4
345,Michael Belle,5174672,VCU,11,South,7.5,1.528632640283778,HEALTHY,11.3
346,Owen Aquino,5242131,High Point,12,West,9.4,1.1776837815335008,HEALTHY,11.2
347,Avantae Parker,5176801,Queens,15,West,11.3,1.0248230731436103,HEALTHY,11.2
348,Josiah Moseley,5152656,Texas Tech,5,Midwest,4.6,2.304264390636621,HEALTHY,11.2
349,Shawn Phillips Jr.,5105537,Missouri,10,West,7.7,1.426436796426509,HEALTHY,11.1
350,Biko Johnson,5177021,Idaho,15,South,12.2,1.0268929008951702,HEALTHY,11.1
351,Conrad Martinez,5174957,High Point,12,West,9.3,1.1776837815335008,HEALTHY,11.1
352,Amari Evans,5196914,Tennessee,6,Midwest,4.2,2.5670186615697825,HEALTHY,11.1
353,Tanner Toolson,5105461,TCU,9,East,8.0,1.4134181836532724,HEALTHY,11.0
354,Brock Harding,5103589,TCU,9,East,8.0,1.4134181836532724,HEALTHY,11.0
355,Derek Dixon,5144097,North Carolina,6,South,6.4,1.721717945536111,HEALTHY,11.0
356,Barry Evans,5105987,VCU,11,South,7.2,1.528632640283778,HEALTHY,10.9
357,Dillon Hunter,5105445,Clemson,8,South,7.5,1.4821492990678407,HEALTHY,10.9
358,Garry Clark,5108973,Utah St.,9,West,6.8,1.6580742799109198,HEALTHY,10.9
359,Antwone Woolfolk,5105859,Miami OH,11,Midwest,10.3,1.1490672616807558,HEALTHY,10.9
360,Luke Skaljac,5101653,Miami OH,11,Midwest,10.3,1.1490672616807558,HEALTHY,10.9
361,Tristan Smith,5315806,Northern Iowa,12,East,9.1,1.2007746892837103,HEALTHY,10.8
362,Almar Atlason,5176313,Miami OH,11,Midwest,10.1,1.1490672616807558,HEALTHY,10.7
363,Dante Harris,4596531,Tennessee St.,15,Midwest,11.7,1.0205527912566916,HEALTHY,10.7
364,Jordan Ross,4711402,Georgia,8,Midwest,6.6,1.675608797331239,HEALTHY,10.7
365,Kam Williams,4873183,Kentucky,7,Midwest,6.2,1.7336298535412897,HEALTHY,10.7
366,Gytis Nemeiksa,5175369,Hawaii,13,West,9.3,1.1122712394569803,HEALTHY,10.6
367,Treyson Anderson,5241642,North Dakota St.,14,East,10.4,1.0724002907644616,HEALTHY,10.6
368,Trevian Carson,5314778,North Dakota St.,14,East,10.4,1.0724002907644616,HEALTHY,10.6
369,Isaac Finlinson,5105472,Hawaii,13,West,9.1,1.1122712394569803,HEALTHY,10.4
370,Kael Combs,5176280,Iowa,9,South,5.9,1.8016798089121213,HEALTHY,10.4
371,Adlan Elamin,5195079,Utah St.,9,West,6.5,1.6580742799109198,HEALTHY,10.4
372,Scotty Washington,4896852,High Point,12,West,8.7,1.1776837815335008,HEALTHY,10.3
373,Brady Dunlap,4685659,Saint Louis,9,Midwest,6.8,1.5222445358331,HEALTHY,10.3
374,Sebastian Mack,4711270,Missouri,10,West,7.0,1.426436796426509,HEALTHY,10.1
375,Simeon Wilcher,4683785,Texas,11,West,6.2,1.6048562965221431,HEALTHY,10.1
376,Camden Heide,5105855,Texas,11,West,6.2,1.6048562965221431,HEALTHY,10.1
377,Tate Sage,5311842,Iowa,9,South,5.7,1.8016798089121213,HEALTHY,10.1
378,Carson Schwieger,5177217,Queens,15,West,10.2,1.0248230731436103,HEALTHY,10.1
379,Francis Folefac,5314195,Siena,16,East,11.1,1.0104217789334686,HEALTHY,10.1
380,Bowen Hardman,5105840,Akron,12,Midwest,7.9,1.2931262162238186,HEALTHY,10.0
381,Zac Foster,5237299,Clemson,8,South,6.9,1.4821492990678407,HEALTHY,10.0
382,Cade Phillips,4848640,Tennessee,6,Midwest,3.8,2.5670186615697825,HEALTHY,10.0
383,Solomon Callaghan,5177215,Wright St.,14,Midwest,9.9,1.0608709591867682,HEALTHY,10.0
384,Marcus Allen,4869762,Miami FL,7,West,5.3,1.8776178676640867,HEALTHY,10.0
385,Andrija Jelavic,5281347,Kentucky,7,Midwest,5.8,1.7336298535412897,HEALTHY,10.0
386,Eric Mahaffey,5241471,Akron,12,Midwest,7.8,1.2931262162238186,HEALTHY,9.9
387,DJ Richards Jr.,5106843,McNeese,12,South,8.3,1.1878602559564904,HEALTHY,9.9
388,Jayden Jackson,4897936,Cal Baptist,13,East,9.3,1.1208119328195636,HEALTHY,9.9
389,Johan Nziemi,5175666,LIU,16,West,10.6,1.0087505174256424,HEALTHY,9.8
390,Garwey Dual,5077373,McNeese,12,South,8.2,1.1878602559564904,HEALTHY,9.8
391,Hunter Erickson,4701217,Hawaii,13,West,8.5,1.1122712394569803,HEALTHY,9.7
392,Cam Gillus,5176075,Howard,16,Midwest,10.6,1.0107672076181229,HEALTHY,9.7
393,Noah Feddersen,5107278,North Dakota St.,14,East,9.4,1.0724002907644616,HEALTHY,9.6
394,Ose Okojie,5107986,Howard,16,Midwest,10.5,1.0107672076181229,HEALTHY,9.6
395,Isaia Howard,5241366,Iowa,9,South,5.4,1.8016798089121213,HEALTHY,9.5
396,Charles Johnston,5243230,Furman,15,East,9.8,1.0340250474179207,HEALTHY,9.5
397,Redd Thompson Jr.,5101649,LIU,16,West,10.3,1.0087505174256424,HEALTHY,9.5
398,Zach Clemence,4683146,Texas A&M,10,South,7.1,1.4566855454590613,HEALTHY,9.5
399,Thierry Darlan,5147928,Santa Clara,10,Midwest,6.3,1.5799635617998462,HEALTHY,9.5
400,Jake Ensminger,5109789,Santa Clara,10,Midwest,6.3,1.5799635617998462,HEALTHY,9.5
401,Asa Thomas,4895755,Furman,15,East,9.8,1.0340250474179207,HEALTHY,9.5
402,Andy Stefonowicz,5241640,North Dakota St.,14,East,9.2,1.0724002907644616,HEALTHY,9.4
403,Chendall Weaver,5105486,Texas,11,West,5.7,1.6048562965221431,HEALTHY,9.3
404,Kalifa Sakho,5176274,Houston,2,South,2.5,3.6247274327563526,HEALTHY,9.3
405,Ramon Walker Jr.,4708176,Houston,2,South,2.5,3.6247274327563526,HEALTHY,9.3
406,Lance Williams,4904931,Prairie View A&M,16,South,10.1,1.0067552530800046,HEALTHY,9.3
407,Sharron Young,5241470,Akron,12,Midwest,7.3,1.2931262162238186,HEALTHY,9.3
408,Amaree Abram,5105544,Tennessee,6,Midwest,3.5,2.5670186615697825,HEALTHY,9.2
409,Harry Wessels,5105418,Saint Mary's,7,South,4.9,1.857199447542232,HEALTHY,9.1
410,Ruben Prey,5240539,St. John's,5,East,3.9,2.5313694084806024,HEALTHY,9.1
411,Dominic Pangonis,5243109,Wright St.,14,Midwest,9.0,1.0608709591867682,HEALTHY,9.1
412,Cobi Campbell,5240746,Troy,13,South,9.0,1.061365531097464,HEALTHY,9.0
413,Butta Johnson,5107144,Clemson,8,South,6.2,1.4821492990678407,HEALTHY,9.0
414,Tyeree Bryan,5108120,Texas Tech,5,Midwest,3.7,2.304264390636621,HEALTHY,9.0
415,Jasper Johnson,5095153,Kentucky,7,Midwest,5.2,1.7336298535412897,HEALTHY,8.9
416,Jevon Porter,4684798,Missouri,10,West,6.2,1.426436796426509,HEALTHY,8.9
417,Chandler Bing,5311759,Vanderbilt,5,South,3.6,2.6018970544759368,HEALTHY,8.9
418,Emanuel Richards,5175665,LIU,16,West,9.7,1.0087505174256424,HEALTHY,8.9
419,Keitenn Bristow,5241440,Alabama,4,Midwest,3.6,2.544908801467093,HEALTHY,8.8
420,Kellen Pickett,5314627,Wright St.,14,Midwest,8.7,1.0608709591867682,HEALTHY,8.8
421,Tasman Goodrick,5178209,Siena,16,East,9.7,1.0104217789334686,HEALTHY,8.8
422,Chris Johnson,5175069,UCF,10,East,6.4,1.3981367768674555,HEALTHY,8.7
423,Tyrell Ward,4684733,VCU,11,South,5.8,1.528632640283778,HEALTHY,8.7
424,Antoine Lorick III,5242989,Tennessee St.,15,Midwest,9.5,1.0205527912566916,HEALTHY,8.6
425,Doug Young,5177138,Prairie View A&M,16,South,9.3,1.0067552530800046,HEALTHY,8.6
426,Jacari Lane,5107078,Texas A&M,10,South,6.4,1.4566855454590613,HEALTHY,8.6
427,Liam Campbell,5101655,Saint Mary's,7,South,4.6,1.857199447542232,HEALTHY,8.5
428,Jamari McDowell,5103571,Kansas,4,East,3.5,2.5159104208797536,HEALTHY,8.5
429,Timotej Malovec,5281366,Miami FL,7,West,4.5,1.8776178676640867,HEALTHY,8.5
430,Jonathan Powell,5101669,North Carolina,6,South,4.8,1.721717945536111,HEALTHY,8.3
431,AJ Levine,5241732,Penn,14,South,8.3,1.0315226931276236,HEALTHY,8.3
432,Jerrell Bellamy,5176735,Troy,13,South,8.2,1.061365531097464,HEALTHY,8.2
433,Jamar Brown,5177743,UCLA,7,East,3.9,2.0356053518028934,HEALTHY,8.1
434,Joshua DeCady,5239632,Hofstra,13,Midwest,6.3,1.187657446775464,HEALTHY,8.1
435,Braden Hausen,5241592,High Point,12,West,6.8,1.1776837815335008,HEALTHY,8.1
436,Joey Madimba,4705371,Prairie View A&M,16,South,8.7,1.0067552530800046,HEALTHY,8.0
437,Kohl Rosario,5291864,Kansas,4,East,3.3,2.5159104208797536,HEALTHY,8.0
438,Davion Hannah,5101805,Alabama,4,Midwest,3.3,2.544908801467093,HEALTHY,8.0
439,Travelle Bryson,5316220,Howard,16,Midwest,8.8,1.0107672076181229,HEALTHY,8.0
440,Paul Otieno,5107797,Saint Louis,9,Midwest,5.2,1.5222445358331,HEALTHY,7.9
441,Brandon Garrison,4711306,Kentucky,7,Midwest,4.6,1.7336298535412897,HEALTHY,7.9
442,Alex Cotton,5175065,Howard,16,Midwest,8.7,1.0107672076181229,HEALTHY,7.9
443,Jake Wilkins,5142622,Georgia,8,Midwest,4.9,1.675608797331239,HEALTHY,7.9
444,Kareem Stagg,5144153,Georgia,8,Midwest,4.8,1.675608797331239,HEALTHY,7.8
445,Jake Wahlin,5174977,Clemson,8,South,5.4,1.4821492990678407,HEALTHY,7.8
446,Tay Smith,4901166,North Dakota St.,14,East,7.7,1.0724002907644616,HEALTHY,7.8
447,Brendan Coyle,5107811,Siena,16,East,8.6,1.0104217789334686,HEALTHY,7.8
448,Tom House,4896557,Furman,15,East,8.1,1.0340250474179207,HEALTHY,7.8
449,Aleksej Kostic,5311908,BYU,6,West,4.2,1.862898980650907,HEALTHY,7.7
450,Max Weisbrod,5241408,Northern Iowa,12,East,6.5,1.2007746892837103,HEALTHY,7.7
451,Ali Dibba,4896862,Texas A&M,10,South,5.6,1.4566855454590613,HEALTHY,7.5
452,Alphonzo Billups III,5106039,LIU,16,West,8.1,1.0087505174256424,HEALTHY,7.5
453,Maban Jabriel,5240005,Queens,15,West,7.6,1.0248230731436103,HEALTHY,7.5
454,Elijah Perryman,5255260,Utah St.,9,West,4.6,1.6580742799109198,HEALTHY,7.4
455,Devan Cambridge,4567588,UCF,10,East,5.4,1.3981367768674555,HEALTHY,7.3
456,Dylan James,4895794,Georgia,8,Midwest,4.5,1.675608797331239,HEALTHY,7.3
457,Taison Chatman,4685646,Ohio St.,8,East,4.5,1.7889237383557972,PROBABLE,7.3
458,KJ Cochran,5196879,Santa Clara,10,Midwest,4.8,1.5799635617998462,HEALTHY,7.3
459,Chase Johnston,4612709,High Point,12,West,6.1,1.1776837815335008,HEALTHY,7.3
460,Isaiah Kerr,5107841,Hawaii,13,West,6.3,1.1122712394569803,HEALTHY,7.2
461,Brendan Hausen,5105589,Iowa,9,South,4.0,1.8016798089121213,HEALTHY,7.1
462,Kyan Evans,5093253,North Carolina,6,South,4.1,1.721717945536111,HEALTHY,7.1
463,Brody Rowbury,5108917,Idaho,15,South,7.8,1.0268929008951702,HEALTHY,7.1
464,Ahmad Nowell,4869778,VCU,11,South,4.7,1.528632640283778,HEALTHY,7.1
465,Ben Vander Wal,5107369,Furman,15,East,7.3,1.0340250474179207,HEALTHY,7.1
466,Kobe Rodgers,5174946,Louisville,6,East,3.3,2.1870154085088043,HEALTHY,7.0
467,Jerrell Colbert,4433273,McNeese,12,South,5.8,1.1878602559564904,HEALTHY,6.9
468,Cody Pennebaker,5108080,Kennesaw St.,14,West,7.1,1.0486320822090252,HEALTHY,6.9
469,Ethan Burg,5311527,Tennessee,6,Midwest,2.6,2.5670186615697825,HEALTHY,6.9
470,Malachi Palmer,5239554,Villanova,8,West,4.4,1.5362013103644672,HEALTHY,6.8
471,Aly Khalifa,4702739,Louisville,6,East,3.2,2.1870154085088043,HEALTHY,6.8
472,Justin Kirby,5313370,Miami OH,11,Midwest,6.4,1.1490672616807558,HEALTHY,6.8
473,Justin Bailey,5107490,Georgia,8,Midwest,4.2,1.675608797331239,HEALTHY,6.8
474,Aaron Hunkin-Claytor,5241898,Hawaii,13,West,6.0,1.1122712394569803,HEALTHY,6.8
475,Silas Sunday,4684984,Hofstra,13,Midwest,5.2,1.187657446775464,HEALTHY,6.7
476,Jaylen Benard,5175669,LIU,16,West,7.3,1.0087505174256424,HEALTHY,6.7
477,Antonio Chandler,5314192,Siena,16,East,7.3,1.0104217789334686,HEALTHY,6.6
478,Jacolb Fredson-Cole,5238222,McNeese,12,South,5.5,1.1878602559564904,HEALTHY,6.5
479,Nic Codie,5149083,Texas,11,West,4.0,1.6048562965221431,HEALTHY,6.5
480,Jonathan Griman,5178211,Cal Baptist,13,East,6.1,1.1208119328195636,HEALTHY,6.5
481,Mikel Brown Jr.,5101761,Louisville,6,East,19.4,2.1870154085088043,OUT,6.4
482,Carmelo Pacheco,5242634,UCF,10,East,4.7,1.3981367768674555,HEALTHY,6.4
483,Vincent Brady II,5106755,High Point,12,West,5.4,1.1776837815335008,HEALTHY,6.4
484,Trey Perry,5313368,Miami OH,11,Midwest,6.0,1.1490672616807558,HEALTHY,6.3
485,Jace Posey,5101654,TCU,9,East,4.6,1.4134181836532724,HEALTHY,6.3
486,Andrea Holden,5241700,Wright St.,14,Midwest,6.3,1.0608709591867682,HEALTHY,6.3
487,Devon Malcolm,5241323,Cal Baptist,13,East,5.9,1.1208119328195636,HEALTHY,6.3
488,Jack Payne,5107563,Idaho,15,South,6.7,1.0268929008951702,HEALTHY,6.1
489,Victory Onuetu,5312163,Hofstra,13,Midwest,4.7,1.187657446775464,HEALTHY,6.1
490,Isaiah Jones,4067423,South Florida,11,East,4.5,1.381051849636315,HEALTHY,6.0
491,Dalton Scantlebury,5314646,Penn,14,South,6.0,1.0315226931276236,HEALTHY,6.0
492,Marcel Bryant,5177019,Prairie View A&M,16,South,6.5,1.0067552530800046,HEALTHY,6.0
493,Josh Holloway,5176160,Texas A&M,10,South,4.5,1.4566855454590613,HEALTHY,6.0
494,Jalen Pitre,5105453,Tennessee St.,15,Midwest,6.5,1.0205527912566916,HEALTHY,5.9
495,Khalil London,5105760,Tennessee St.,15,Midwest,6.4,1.0205527912566916,HEALTHY,5.8
496,Cam Thrower,5107164,Penn,14,South,5.7,1.0315226931276236,HEALTHY,5.7
497,Mihailo Boškovic,5243211,BYU,6,West,3.1,1.862898980650907,HEALTHY,5.7
498,Zach Keller,4896363,Utah St.,9,West,3.5,1.6580742799109198,HEALTHY,5.6
499,King-Njhsanni Wilhite,5313554,Kennesaw St.,14,West,5.8,1.0486320822090252,HEALTHY,5.6
500,Augustus Gerhart,5182415,Penn,14,South,5.6,1.0315226931276236,HEALTHY,5.6
501,Brandon Williams,5174981,UCLA,7,East,2.7,2.0356053518028934,HEALTHY,5.6
502,Daimion Collins,4611412,South Florida,11,East,4.2,1.381051849636315,HEALTHY,5.6
503,Jack Janicki,5174807,Wisconsin,5,West,2.2,2.3923127402223368,HEALTHY,5.4
504,Tucker Anderson,5175860,Utah St.,9,West,3.4,1.6580742799109198,HEALTHY,5.4
505,Eddrin Bronson,5176133,Furman,15,East,5.6,1.0340250474179207,HEALTHY,5.4
506,Logan Woods,5106806,Wright St.,14,Midwest,5.4,1.0608709591867682,HEALTHY,5.4
507,Thomas Ndong,5175014,Cal Baptist,13,East,5.0,1.1208119328195636,HEALTHY,5.3
508,Bradey Henige,5241326,Cal Baptist,13,East,4.9,1.1208119328195636,HEALTHY,5.2
509,Trent Noah,5175592,Kentucky,7,Midwest,3.0,1.7336298535412897,HEALTHY,5.2
510,Carlous Williams,5175727,Tennessee St.,15,Midwest,5.7,1.0205527912566916,HEALTHY,5.2
511,Carl Cherenfant,4711271,McNeese,12,South,4.3,1.1878602559564904,HEALTHY,5.1
512,Keyshawn Mitchell,5174851,VCU,11,South,3.4,1.528632640283778,HEALTHY,5.1
513,Yacine Toumi,4702598,Hawaii,13,West,4.4,1.1122712394569803,HEALTHY,5.0
514,Errol White,5176637,Kennesaw St.,14,West,5.0,1.0486320822090252,HEALTHY,4.9
515,Adriel Nyorha,5313563,South Florida,11,East,3.7,1.381051849636315,HEALTHY,4.9
516,Cole Bowser,5314509,Furman,15,East,5.1,1.0340250474179207,HEALTHY,4.9
517,Jordan Muller,5314832,Cal Baptist,13,East,4.5,1.1208119328195636,HEALTHY,4.8
518,Seth Joba,5174853,Idaho,15,South,5.3,1.0268929008951702,HEALTHY,4.8
519,Justin Abson,5238204,Georgia,8,Midwest,2.9,1.675608797331239,HEALTHY,4.7
520,Ivan Njegovan,5239599,Ohio St.,8,East,2.7,1.7889237383557972,HEALTHY,4.6
521,Rory Hawke,5123978,Saint Mary's,7,South,2.5,1.857199447542232,HEALTHY,4.6
522,Eric Freeny,5149633,UCLA,7,East,2.2,2.0356053518028934,HEALTHY,4.6
523,Luke Northweather,5106269,Missouri,10,West,3.1,1.426436796426509,HEALTHY,4.5
524,Keeshawn Mason,5247621,Prairie View A&M,16,South,4.9,1.0067552530800046,HEALTHY,4.5
525,Tafara Gapare,5106034,Villanova,8,West,2.9,1.5362013103644672,HEALTHY,4.5
526,Kyle Pock,5176385,Northern Iowa,12,East,3.8,1.2007746892837103,HEALTHY,4.5
527,Abijah Franklin,5314508,Furman,15,East,4.6,1.0340250474179207,HEALTHY,4.4
528,Devin Haid,5241694,South Florida,11,East,3.3,1.381051849636315,HEALTHY,4.4
529,Peitok Machar,5313569,McNeese,12,South,3.6,1.1878602559564904,HEALTHY,4.3
530,Khadim Mboup,5262601,BYU,6,West,2.3,1.862898980650907,HEALTHY,4.2
531,Eian Lowe,5313555,Kennesaw St.,14,West,4.3,1.0486320822090252,HEALTHY,4.2
532,A.J. Wills,5176061,Hofstra,13,Midwest,3.2,1.187657446775464,HEALTHY,4.1
533,Jayden Gambrell,5242574,Kennesaw St.,14,West,4.0,1.0486320822090252,HEALTHY,3.9
534,Annor Boateng,5238218,Missouri,10,West,2.7,1.426436796426509,HEALTHY,3.9
535,Kerrington Kiel,5176731,Troy,13,South,3.9,1.061365531097464,HEALTHY,3.9
536,Puff Johnson,4701846,Ohio St.,8,East,2.3,1.7889237383557972,HEALTHY,3.9
537,Jay Jones,5314644,Penn,14,South,3.9,1.0315226931276236,HEALTHY,3.9
538,Christian Jones,5314193,Siena,16,East,4.3,1.0104217789334686,HEALTHY,3.9
539,Emil Skytta,5108046,North Dakota St.,14,East,3.7,1.0724002907644616,HEALTHY,3.8
540,Ismael Diouf,5238171,Northern Iowa,12,East,3.1,1.2007746892837103,HEALTHY,3.7
541,Austin Cross,5240749,Troy,13,South,3.7,1.061365531097464,HEALTHY,3.7
542,Mike James,4684164,Vanderbilt,5,South,1.5,2.6018970544759368,HEALTHY,3.7
543,Danas Kazakevicius,5316219,Howard,16,Midwest,3.9,1.0107672076181229,HEALTHY,3.6
544,Elijah Jones,5176811,LIU,16,West,3.9,1.0087505174256424,HEALTHY,3.6
545,Xavier Brown,5107222,South Florida,11,East,2.7,1.381051849636315,HEALTHY,3.6
546,Miles Klapper,5176305,Idaho,15,South,3.8,1.0268929008951702,HEALTHY,3.5
547,Riley Mulvey,4685004,Siena,16,East,3.8,1.0104217789334686,HEALTHY,3.4
548,Isaiah Henderson,5314191,Siena,16,East,3.8,1.0104217789334686,HEALTHY,3.4
549,Trevon Blassingame,5106590,Idaho,15,South,3.7,1.0268929008951702,HEALTHY,3.4
550,Zach Halligan,5176138,Akron,12,Midwest,2.7,1.2931262162238186,HEALTHY,3.4
551,Bryan Etumnu,5106602,Wright St.,14,Midwest,3.4,1.0608709591867682,HEALTHY,3.4
552,RJ Taylor,5176384,Northern Iowa,12,East,2.7,1.2007746892837103,HEALTHY,3.2
553,Carson Smith,5241641,North Dakota St.,14,East,3.1,1.0724002907644616,HEALTHY,3.2
554,Gus Larson,4898223,Queens,15,West,3.1,1.0248230731436103,HEALTHY,3.1
555,Jayden Barrs,5176636,Kennesaw St.,14,West,3.1,1.0486320822090252,HEALTHY,3.0
556,Joshua Aaron Reaves,4703169,Hofstra,13,Midwest,2.3,1.187657446775464,HEALTHY,3.0
557,Yanis Ndjonga,5175027,McNeese,12,South,2.5,1.1878602559564904,HEALTHY,3.0
558,Lucas Lueth,5314648,Penn,14,South,3.0,1.0315226931276236,HEALTHY,3.0
559,Sam Alamutu,4898006,Wright St.,14,Midwest,2.9,1.0608709591867682,HEALTHY,2.9
560,Collin O'Neal,5314510,Furman,15,East,2.9,1.0340250474179207,HEALTHY,2.8
561,Rene D'Amelio,5314831,Cal Baptist,13,East,2.6,1.1208119328195636,HEALTHY,2.8
562,Gabe Cupps,4845387,Ohio St.,8,East,1.6,1.7889237383557972,HEALTHY,2.7
563,Isaiah Brown,5243100,Howard,16,Midwest,2.8,1.0107672076181229,HEALTHY,2.6
564,Miles Daniels,5314830,Cal Baptist,13,East,2.4,1.1208119328195636,HEALTHY,2.6
565,Jabrion Spikes,5314353,Tennessee St.,15,Midwest,2.9,1.0205527912566916,HEALTHY,2.6
566,Kevin Gad,5105421,Saint Mary's,7,South,1.4,1.857199447542232,HEALTHY,2.6
567,Owen Schlager,5314194,Siena,16,East,2.8,1.0104217789334686,HEALTHY,2.5
568,Kavien Jones,5242991,Tennessee St.,15,Midwest,2.8,1.0205527912566916,HEALTHY,2.5
569,Abdullah Ahmed,5183975,BYU,6,West,1.3,1.862898980650907,HEALTHY,2.4
570,Elijah Mitchell,5314805,Prairie View A&M,16,South,2.5,1.0067552530800046,HEALTHY,2.3
571,Jannoy Thomas,5314804,Prairie View A&M,16,South,2.3,1.0067552530800046,HEALTHY,2.1
572,Elijah Kelly,5313508,LIU,16,West,2.3,1.0087505174256424,HEALTHY,2.1
573,John Bol,4915060,UCF,10,East,6.0,1.3981367768674555,DAY-TO-DAY,1.9
574,KJ McClurg,4701156,LIU,16,West,2.0,1.0087505174256424,HEALTHY,1.8
575,Lassina Traore,4897052,Texas,11,West,3.4,1.6048562965221431,DAY-TO-DAY,1.7
576,Janko Bulajic,5123799,Kennesaw St.,14,West,1.5,1.0486320822090252,HEALTHY,1.5
577,Christian Fermin,5106041,VCU,11,South,0.8,1.528632640283778,HEALTHY,1.2
578,Corey Dunning,4904924,Prairie View A&M,16,South,1.2,1.0067552530800046,HEALTHY,1.1
579,Dawson Baker,4702626,BYU,6,West,7.5,1.862898980650907,OUT,0.0
580,Karter Knox,4869777,Arkansas,4,West,8.1,2.6680424898108748,OUT,0.0
581,Richie Saunders,5105462,BYU,6,West,16.8,1.862898980650907,OUT,0.0
582,Aden Holloway,4684276,Alabama,4,Midwest,16.6,2.544908801467093,OUT,0.0
583,Caleb Foster,4711256,Duke,1,East,8.5,4.493977963625555,OUT,0.0
584,JT Toppin,5143604,Texas Tech,5,Midwest,21.0,2.304264390636621,OUT,0.0
585,Caleb Wilson,5095151,North Carolina,6,South,19.8,1.721717945536111,OUT,0.0
586,Carter Welling,5176397,Clemson,8,South,10.2,1.4821492990678407,OUT,0.0
587,L.J. Cason,5214641,Michigan,1,Midwest,8.4,4.41674628989956,OUT,0.0
588,Jayden Quaintance,5101845,Kentucky,7,Midwest,5.0,1.7336298535412897,OUT,0.0
589,Matt Hodge,5175588,Villanova,8,West,9.2,1.5362013103644672,OUT,0.0
