player,team,games_played,mpg,ppg,rpg,apg,espn_id
Tavari Johnson,Akron,34,32.0,20.1,3.0,5.0,5108059
Amani Lyles,Akron,34,26.2,14.6,8.0,2.2,5108060
Shammah Scott,Akron,34,26.5,12.7,2.6,2.9,5106652
Evan Mahaffey,Akron,34,28.4,10.2,5.6,3.5,5105847
Bowen Hardman,Akron,34,18.3,7.9,1.6,0.2,5105840
Eric Mahaffey,Akron,33,22.1,7.8,5.7,1.6,5241471
Sharron Young,Akron,33,19.1,7.3,2.7,1.6,5241470
Chabi Barre,Akron,17,6.8,3.3,2.1,0.1,5105882
Zach Halligan,Akron,33,11.7,2.7,2.2,0.7,5176138
Ognjen Stankovic,Akron,17,6.9,2.4,1.8,0.5,5314282
Marvin Musiime-Kamali,Akron,34,8.9,2.1,2.0,0.5,5176139
Rich Brisco,Akron,9,2.7,1.1,0.8,0.0,5241469
Conner Groce,Akron,12,2.2,0.9,0.1,0.1,5241472
Labaron Philon Jr.,Alabama,30,30.3,21.7,3.2,4.7,4873090
Aden Holloway,Alabama,28,28.4,16.8,2.8,3.8,4684276
Latrell Wrightsell,Alabama,24,26.9,12.8,3.1,2.0,4702484
Amari Allen,Alabama,29,28.4,11.7,7.1,3.1,5101833
Aiden Sherrell,Alabama,31,23.6,11.1,6.1,1.1,4873184
Charles Bediako,Alabama,5,21.6,10.0,4.6,0.2,4565203
Houston Mallette,Alabama,32,23.3,6.6,4.5,1.1,4709141
Taylor Bol Bowen,Alabama,27,18.7,6.2,4.3,0.4,4685658
London Jemison,Alabama,30,14.9,6.2,3.4,0.4,5144139
Jalil Bethea,Alabama,23,8.3,4.4,1.7,0.6,5101656
Keitenn Bristow,Alabama,10,12.5,3.6,4.0,0.5,5241440
Davion Hannah,Alabama,10,12.7,3.3,1.9,0.8,5101805
Noah Williamson,Alabama,30,8.3,1.1,1.5,0.3,5105668
Collins Onyejiaka,Alabama,2,5.5,1.0,3.0,0.0,5311499
Jacob Martin,Alabama,8,1.4,0.4,0.1,0.1,5325011
Preston Murphy Jr.,Alabama,6,1.7,0.3,0.3,0.3,4433289
Klark James,Alabama,1,1.0,0.0,0.0,0.0,5325013
Jack Fagan,Alabama,1,1.0,0.0,0.0,0.0,5325014
Brayden Burries,Arizona,34,29.5,15.9,4.7,2.5,5082206
Koa Peat,Arizona,31,27.3,13.6,5.3,2.7,5041953
Jaden Bradley,Arizona,34,30.4,13.3,3.6,4.5,4432737
Motiejus Krivas,Arizona,34,24.9,10.5,8.1,1.0,5174954
Ivan Kharchenkov,Arizona,34,27.7,10.1,4.1,2.3,5311896
Tobe Awaka,Arizona,34,21.4,9.4,9.5,0.8,5105555
Anthony Dell'Orso,Arizona,34,21.8,9.0,2.1,2.0,5108141
Dwayne Aristode,Arizona,30,14.3,4.1,1.8,0.8,5186456
Sidi Gueye,Arizona,24,3.4,1.2,0.7,0.2,5311897
Evan Nelson,Arizona,22,3.5,0.6,0.5,0.3,4702960
Sven Djopmo,Arizona,17,1.8,0.6,0.2,0.2,5239487
Jackson Francois,Arizona,8,1.4,0.5,0.5,0.0,5105542
Addison Arnold,Arizona,18,2.2,0.3,0.4,0.2,4896359
Jackson Cook,Arizona,8,1.4,0.0,0.1,0.0,5174956
Darius Acuff Jr.,Arkansas,33,35.1,22.9,3.2,6.5,5142620
Meleek Thomas,Arkansas,34,30.0,15.4,3.8,2.5,5041951
Trevon Brazile,Arkansas,33,31.5,13.2,7.4,1.5,4698719
Billy Richmond III,Arkansas,34,27.1,11.0,4.0,2.0,5060732
Malique Ewin,Arkansas,34,19.9,9.6,5.4,0.8,5105546
Karter Knox,Arkansas,22,22.2,8.1,4.5,1.2,4869777
D.J. Wagner,Arkansas,32,23.6,7.6,1.5,2.4,4683777
Nick Pringle,Arkansas,34,19.0,4.6,3.9,0.6,4703887
Isaiah Sealy,Arkansas,16,7.9,3.3,1.4,0.7,5101797
Ayden Kelley,Arkansas,7,1.6,0.6,0.0,0.0,5238196
Jaden Karuletwa,Arkansas,9,2.6,0.6,0.3,0.1,5238194
Elmir Džafic,Arkansas,7,2.1,0.4,0.1,0.0,5311500
Amere Brown,Arkansas,7,1.6,0.1,0.0,0.0,5144085
AJ Dybantsa,BYU,34,34.6,25.3,6.7,3.8,5142718
Robert Wright III,BYU,34,34.8,18.2,3.5,4.7,5060709
Richie Saunders,BYU,25,31.4,18.0,5.8,2.1,5105462
Kennard Davis Jr.,BYU,31,29.3,8.5,2.7,1.3,4685654
Dawson Baker,BYU,6,19.8,7.5,1.7,0.5,4702626
Keba Keita,BYU,32,22.6,6.3,7.3,0.3,5105647
Aleksej Kostic,BYU,26,11.6,4.2,0.9,0.4,5311908
Mihailo Boškovic,BYU,33,12.3,3.1,1.9,0.6,5243211
Khadim Mboup,BYU,33,15.5,2.3,5.1,0.4,5262601
Tyler Mrus,BYU,27,9.6,2.0,0.9,0.3,5176299
Dominique Diomande,BYU,23,7.1,2.0,1.3,0.1,5262996
Abdullah Ahmed,BYU,19,12.4,1.3,2.8,0.4,5183975
Xavion Staton,BYU,9,4.9,0.6,0.4,0.3,5143304
Jared McGregor,BYU,7,1.1,0.0,0.3,0.3,5105466
Dominique Daniels Jr.,Cal Baptist,32,36.2,23.2,3.7,3.2,5178207
Martel Williams,Cal Baptist,32,33.0,12.7,4.8,1.6,4702158
Jayden Jackson,Cal Baptist,27,29.4,9.3,3.1,1.8,4897936
Jonathan Griman,Cal Baptist,30,22.8,6.1,5.9,0.4,5178211
Devon Malcolm,Cal Baptist,32,13.8,5.9,3.3,0.6,5241323
Thomas Ndong,Cal Baptist,31,17.6,5.0,6.6,0.4,5175014
Bradey Henige,Cal Baptist,32,20.0,4.9,5.5,0.5,5241326
Jordan Muller,Cal Baptist,33,21.1,4.5,1.0,1.9,5314832
Rene D'Amelio,Cal Baptist,18,10.6,2.6,3.0,0.2,5314831
Nate Garcia,Cal Baptist,16,6.1,2.4,1.1,0.1,5314834
Miles Daniels,Cal Baptist,21,10.4,2.4,1.5,0.5,5314830
Monty Bowser,Cal Baptist,13,8.4,2.1,1.4,0.2,4591258
Jalen Dollar,Cal Baptist,10,3.6,1.5,0.2,0.1,5241322
RJ Godfrey,Clemson,34,25.1,11.9,5.3,1.6,5105449
Carter Welling,Clemson,32,20.8,10.2,5.4,1.1,5176397
Jestin Porter,Clemson,34,27.1,9.6,1.8,1.3,5106880
Nick Davidson,Clemson,34,21.7,9.1,4.1,1.1,4699440
Ace Buckner,Clemson,34,19.5,8.4,2.8,1.8,5179085
Dillon Hunter,Clemson,34,28.5,7.5,3.8,3.0,5105445
Zac Foster,Clemson,12,18.6,6.9,2.8,2.5,5237299
Butta Johnson,Clemson,34,20.7,6.2,2.1,1.0,5107144
Jake Wahlin,Clemson,34,20.6,5.4,3.9,0.7,5174977
Chase Thompson,Clemson,34,8.8,2.3,1.1,0.3,5196962
Dallas Thomas,Clemson,21,4.4,2.2,0.4,0.1,4869781
Trent Steinour,Clemson,6,2.5,1.0,1.2,0.0,5196959
Tarris Reed Jr.,Connecticut,29,26.2,13.7,8.1,2.3,5105809
Solo Ball,Connecticut,33,29.1,13.5,3.3,1.6,4895737
Alex Karaban,Connecticut,34,33.8,12.6,5.2,2.3,4917149
Braylon Mullins,Connecticut,27,27.5,12.0,3.5,1.4,5196916
Silas Demary Jr.,Connecticut,34,29.1,10.9,4.5,6.2,5054083
Eric Reibe,Connecticut,34,15.0,6.8,3.8,0.5,5152763
Jayden Ross,Connecticut,32,16.9,4.7,2.4,0.8,4895753
Jaylin Stewart,Connecticut,28,17.7,4.5,2.8,1.2,4685647
Malachi Smith,Connecticut,34,15.0,3.5,1.5,2.7,4683861
Dwayne Koroma,Connecticut,16,5.6,1.5,0.9,0.2,4703011
Alec Millender,Connecticut,16,3.1,0.6,0.3,0.4,5241657
Jacob Furphy,Connecticut,13,2.5,0.5,0.1,0.0,5248294
Uroš Paunovic,Connecticut,13,1.0,0.2,0.1,0.1,5307570
Rrezon Elezaj,Connecticut,4,1.0,0.0,0.8,0.0,5312036
Cameron Boozer,Duke,34,33.0,22.5,10.2,4.2,5041935
Isaiah Evans,Duke,34,27.9,14.9,3.1,1.4,5061585
Patrick Ngongba II,Duke,29,22.4,10.7,6.0,1.9,4873209
Caleb Foster,Duke,31,25.4,8.5,3.6,2.8,4711256
Cayden Boozer,Duke,34,21.8,7.1,2.1,2.8,5041937
Dame Sarr,Duke,34,22.9,6.3,3.7,1.0,5287474
Nikolas Khamenia,Duke,34,19.5,5.8,3.4,1.1,5144124
Maliq Brown,Duke,34,19.9,4.8,4.9,1.8,5105337
Darren Harris,Duke,32,10.3,3.7,0.9,0.4,4873107
Ifeanyi Ufochukwu,Duke,5,4.4,0.8,0.6,0.0,5107141
Cameron Sheffield,Duke,14,3.0,0.6,0.5,0.1,4432321
Jack Scott,Duke,14,2.7,0.6,0.9,0.1,4888720
Thomas Haugh,Florida,32,33.5,17.1,6.2,2.0,5080489
Alex Condon,Florida,32,30.6,15.0,7.7,3.5,5174657
Boogie Fland,Florida,33,30.0,11.6,2.5,3.4,5238195
Xaivian Lee,Florida,33,27.5,11.5,3.8,4.2,5107169
Rueben Chinyelu,Florida,33,24.8,11.2,11.5,0.7,5174971
Urban Klavzar,Florida,33,20.9,9.7,1.5,1.2,5238200
Isaiah Brown,Florida,31,12.6,5.5,2.5,0.6,5144372
Micah Handlogten,Florida,32,14.8,4.1,5.9,0.7,5108992
CJ Ingram,Florida,20,5.3,1.9,0.8,0.5,5217184
Cooper Josefsberg,Florida,2,1.0,1.5,1.0,0.0,5174660
Viktor Mikic,Florida,16,2.6,1.3,0.8,0.3,5238201
Alex Lloyd,Florida,16,4.7,1.2,0.8,0.2,5041948
Olivier Rioux,Florida,10,1.5,0.5,0.4,0.0,5184753
Alex Kovatchev,Florida,14,3.1,0.2,0.3,0.1,5175405
Alex Wilkins,Furman,34,29.6,17.7,2.0,4.7,5314511
Cooper Bowser,Furman,24,29.5,14.0,6.0,1.7,5176136
Asa Thomas,Furman,27,27.7,12.4,3.9,1.9,4895755
Charles Johnston,Furman,34,28.6,9.8,9.1,1.8,5243230
Tom House,Furman,32,24.8,8.1,2.8,1.7,4896557
Ben Vander Wal,Furman,33,28.2,7.3,5.5,2.3,5107369
Eddrin Bronson,Furman,33,19.2,5.6,1.7,1.2,5176133
Cole Bowser,Furman,19,22.8,5.1,5.5,0.6,5314509
Abijah Franklin,Furman,23,11.4,4.6,1.9,1.0,5314508
Mason Smith,Furman,7,9.4,3.0,4.6,0.1,5243231
Collin O'Neal,Furman,17,10.3,2.9,1.4,0.5,5314510
Owen Ritger,Furman,17,7.5,1.7,1.1,0.4,5314514
Gunnar Lewis,Furman,3,3.0,1.7,0.0,0.0,5314512
Thomas Tillman,Furman,6,1.3,0.7,0.0,0.0,5176205
Jeremiah Wilkinson,Georgia,30,25.6,17.0,2.0,1.8,5165276
Blue Cain,Georgia,32,27.9,13.3,5.1,2.7,5174661
Kanon Catchings,Georgia,31,23.5,12.0,4.8,1.2,5243212
Marcus Millender,Georgia,32,26.0,11.9,2.8,4.0,5176681
Somtochukwu Cyril,Georgia,32,21.4,9.6,5.6,0.6,5238203
Jordan Ross,Georgia,31,20.9,6.6,2.5,2.4,4711402
Jake Wilkins,Georgia,31,10.2,4.9,1.7,0.4,5142622
Kareem Stagg,Georgia,32,12.7,4.8,2.3,0.6,5144153
Dylan James,Georgia,32,14.9,4.5,3.8,0.5,4895794
Justin Bailey,Georgia,30,12.6,4.2,1.4,0.7,5107490
Justin Abson,Georgia,30,11.4,2.9,3.6,0.4,5238204
Brandon Klatsky,Georgia,7,1.6,1.1,0.1,0.0,5105530
Jaden Newell,Georgia,9,1.3,0.2,0.1,0.0,5105532
Markel Jennings,Georgia,1,1.0,0.0,0.0,0.0,5174664
Graham Ike,Gonzaga,29,30.8,19.7,8.2,2.4,4703396
Braden Huff,Gonzaga,18,25.4,17.8,5.6,1.5,4894445
Tyon Grant-Foster,Gonzaga,33,21.6,11.2,5.0,1.2,4700527
Mario Saint-Supery,Gonzaga,33,22.4,8.6,2.8,3.6,5313012
Davis Fogle,Gonzaga,28,16.2,8.4,3.0,1.4,5196913
Adam Miller,Gonzaga,33,19.8,7.6,1.6,1.1,4432175
Jalen Warley,Gonzaga,31,21.4,6.8,4.5,1.9,4683147
Emmanuel Innocenti,Gonzaga,33,23.6,5.8,3.7,1.7,5176787
Braeden Smith,Gonzaga,33,17.8,5.4,2.3,3.8,5105672
Steele Venters,Gonzaga,27,15.0,5.0,1.3,1.0,4592579
Noah Haaland,Gonzaga,10,4.4,2.0,1.1,0.1,5240588
Ismaila Diagne,Gonzaga,26,7.3,1.2,2.6,0.2,5240587
Joaquim ArauzMoore,Gonzaga,8,2.3,0.8,0.4,0.1,5176259
Cade Orness,Gonzaga,8,2.5,0.4,0.1,0.1,5240584
Isaac Johnson,Hawaii,32,21.1,14.1,5.8,1.1,4898118
Dre Bullock,Hawaii,32,28.1,13.5,5.8,1.9,5106877
Harry Rouhliadeff,Hawaii,30,25.3,10.8,5.0,1.4,5107204
Gytis Nemeiksa,Hawaii,32,23.9,9.3,4.9,1.0,5175369
Isaac Finlinson,Hawaii,32,22.4,9.1,3.7,0.7,5105472
Hunter Erickson,Hawaii,32,31.6,8.5,3.9,3.8,4701217
Isaiah Kerr,Hawaii,30,20.5,6.3,2.4,1.2,5107841
Aaron Hunkin-Claytor,Hawaii,17,28.1,6.0,2.8,3.9,5241898
Yacine Toumi,Hawaii,29,10.5,4.4,2.6,0.4,4702598
Jalen Myers,Hawaii,7,9.0,2.9,0.9,0.6,5107607
AJ Economou,Hawaii,18,5.8,1.5,0.7,0.1,5241895
Hunter Carter,Hawaii,13,4.0,1.1,0.7,0.2,5254318
Terry Anderson,High Point,34,26.9,16.0,6.0,1.6,5241590
Rob Martin,High Point,33,26.8,15.3,1.9,3.7,5107904
Cam'Ron Fletcher,High Point,25,21.2,12.7,6.9,0.9,4432182
Owen Aquino,High Point,34,26.1,9.4,5.9,2.4,5242131
Conrad Martinez,High Point,34,22.5,9.3,1.5,3.4,5174957
Scotty Washington,High Point,34,19.3,8.7,2.9,0.9,4896852
Braden Hausen,High Point,34,20.6,6.8,3.0,1.2,5241592
Chase Johnston,High Point,32,12.6,6.1,0.8,0.5,4612709
Vincent Brady II,High Point,24,16.8,5.4,1.9,1.7,5106755
Josh Ibukunoluwa,High Point,16,6.4,2.8,2.0,0.3,5241594
Caden Miller,High Point,26,7.1,2.8,2.1,0.3,5313503
Babacar Diallo,High Point,17,7.5,2.3,0.7,0.6,4711705
Youssouf Singare,High Point,30,7.7,1.4,2.0,0.1,5102797
David Fonville,High Point,11,3.1,0.5,0.3,0.2,5241591
Birgir Irving,High Point,10,1.8,0.3,0.1,0.1,5241595
Cruz Davis,Hofstra,34,37.8,20.2,3.7,4.6,5107198
Preston Edmead,Hofstra,34,33.8,15.9,3.5,4.4,5236222
Biggie Patterson,Hofstra,30,20.9,9.5,5.6,0.4,5241495
German Plotnikov,Hofstra,32,32.3,9.3,3.4,0.8,5105719
Joshua DeCady,Hofstra,32,24.2,6.3,3.4,0.6,5239632
Silas Sunday,Hofstra,34,19.7,5.2,6.9,0.7,4684984
Victory Onuetu,Hofstra,34,17.9,4.7,6.9,0.4,5312163
Jaeden Roberts,Hofstra,23,8.3,4.1,0.8,0.8,5312164
A.J. Wills,Hofstra,18,10.2,3.2,0.3,0.7,5176061
Joshua Aaron Reaves,Hofstra,24,10.0,2.3,2.0,0.1,4703169
Amir Williams,Hofstra,3,5.7,1.3,1.7,0.0,5239633
Alex Tsynkevich,Hofstra,16,4.1,0.8,1.4,0.1,5177536
Kingston Flemings,Houston,34,31.7,16.4,3.9,5.3,5149077
Emanuel Sharp,Houston,34,29.5,15.3,2.9,1.8,5106058
Milos Uzan,Houston,34,32.9,11.1,2.6,4.0,5106272
Chris Cenac Jr.,Houston,34,24.7,9.5,7.5,0.8,5142621
Joseph Tugler,Houston,34,23.4,8.4,5.4,1.2,5060700
Mercy Miller,Houston,33,11.3,4.8,1.8,0.4,4873086
Chase McCarty,Houston,32,11.9,4.0,2.4,0.2,5101660
Isiah Harwell,Houston,30,14.5,3.8,2.1,0.6,5041942
Kalifa Sakho,Houston,31,13.0,2.5,2.6,0.1,5176274
Ramon Walker Jr.,Houston,27,11.0,2.5,2.0,0.5,4708176
Kordel Jefferson,Houston,3,3.7,1.3,0.7,0.3,5070506
Cedric Lath,Houston,19,4.2,0.5,0.7,0.1,5117524
Jacob McFarland,Houston,3,3.3,0.0,1.0,0.0,5095062
Cedric Taylor III,Howard,22,32.5,17.1,6.7,3.3,5192142
Bryce Harris,Howard,33,32.1,17.1,6.9,2.5,4897768
Cam Gillus,Howard,33,32.4,10.6,4.3,4.6,5176075
Ose Okojie,Howard,33,25.4,10.5,3.8,1.7,5107986
Travelle Bryson,Howard,29,18.9,8.8,3.4,0.9,5316220
Alex Cotton,Howard,30,26.5,8.7,3.0,1.2,5175065
Danas Kazakevicius,Howard,32,15.3,3.9,2.6,1.1,5316219
Isaiah Brown,Howard,31,10.8,2.8,1.1,1.5,5243100
Ed Holland III,Howard,24,9.5,1.9,2.0,0.4,4898226
BJ Powell,Howard,21,4.1,1.6,0.2,0.3,5316214
Calvin Robins Jr.,Howard,31,5.9,1.5,1.3,0.1,5250600
Jeremiah Johnson,Howard,21,6.9,1.3,0.7,0.3,5316218
Julian Johnson,Howard,14,3.9,1.3,0.7,0.1,5316216
Shane Frazier,Howard,11,2.0,0.8,0.1,0.1,5316215
Stefan Isailovic,Howard,12,2.8,0.8,0.4,0.0,5316213
River Smith,Howard,11,2.1,0.3,0.4,0.1,5316217
Kristian Gonzalez,Idaho,1,18.0,18.0,1.0,0.0,5176303
Jackson Rasmussen,Idaho,34,30.9,13.9,4.7,1.3,5237588
Kolton Mitchell,Idaho,32,30.3,13.7,3.3,3.9,5176318
Biko Johnson,Idaho,35,27.6,12.4,3.7,2.4,5177021
Isaiah Brickner,Idaho,34,20.4,12.1,3.9,0.9,5107768
Brody Rowbury,Idaho,35,24.4,7.8,5.2,1.0,5108917
Jack Payne,Idaho,33,21.8,6.7,4.2,1.3,5107563
Seth Joba,Idaho,35,17.3,5.3,3.6,0.4,5174853
Miles Klapper,Idaho,29,12.1,3.8,1.9,0.8,5176305
Trevon Blassingame,Idaho,34,16.8,3.7,2.6,0.6,5106590
Aidan Sevilla,Idaho,22,6.0,1.8,0.9,0.8,4902201
Ewan Steele,Idaho,14,6.7,1.6,1.6,0.5,5241270
Keaton Wagler,Illinois,32,33.7,17.9,4.8,4.4,5254165
Andrej Stojakovic,Illinois,29,26.4,13.4,4.6,1.0,5175007
David Mirkovic,Illinois,32,29.3,13.4,7.8,2.6,5311832
Kylan Boswell,Illinois,25,30.5,13.2,4.0,3.3,4684269
Tomislav Ivisic,Illinois,29,25.2,10.0,5.5,1.6,5214642
Zvonimir Ivisic,Illinois,32,17.7,7.0,4.8,0.3,5174665
Ben Humrichous,Illinois,32,22.6,6.1,4.1,0.8,5177736
Jake Davis,Illinois,32,20.3,5.8,2.2,0.8,5176150
Mihailo Petrovic,Illinois,17,6.1,1.8,0.7,1.2,5311835
Brandon Lee,Illinois,16,4.3,1.6,0.4,0.2,5311833
AJ Redd,Illinois,9,2.4,1.4,0.4,0.0,5121952
Jason Jakstys,Illinois,9,5.2,1.3,1.9,0.2,5173645
Blake Fagbemi,Illinois,9,4.0,0.2,1.2,0.4,5311834
Bennett Stirtz,Iowa,33,37.5,20.0,2.5,4.5,5241364
Tavion Banks,Iowa,33,23.3,10.5,4.7,1.2,5241363
Alvaro Folgueiras,Iowa,33,21.0,8.1,3.8,2.3,5177211
Cooper Koch,Iowa,33,27.6,7.7,3.0,1.1,4873203
Cam Manyawu,Iowa,33,18.9,7.1,4.5,1.0,5176283
Kael Combs,Iowa,33,25.8,5.9,2.5,2.3,5176280
Tate Sage,Iowa,33,15.9,5.7,1.9,0.7,5311842
Isaia Howard,Iowa,33,18.8,5.4,2.8,1.2,5241366
Brendan Hausen,Iowa,21,10.3,4.0,0.7,0.5,5105589
Trevin Jirak,Iowa,16,8.3,3.6,1.0,1.2,5311843
Joey Matteoni,Iowa,11,3.7,1.5,0.6,0.3,5241367
Jacob Koch,Iowa,5,2.2,0.4,0.0,0.2,5239551
Milan Momcilovic,Iowa St.,34,30.1,17.1,3.1,0.9,4848637
Joshua Jefferson,Iowa St.,34,31.8,16.9,7.6,4.9,4870564
Tamin Lipsey,Iowa St.,31,31.6,13.3,4.0,5.0,5106254
Blake Buchanan,Iowa St.,34,24.1,8.4,5.7,1.5,5079838
Killyan Toure,Iowa St.,34,24.7,8.1,3.2,2.2,5248302
Jamarion Batemon,Iowa St.,34,15.2,6.9,1.2,0.4,5217196
Nate Heise,Iowa St.,34,24.3,4.7,4.0,1.6,4703912
Dominykas Pleta,Iowa St.,32,11.4,4.5,2.3,0.5,5281369
Dominick Nelson,Iowa St.,21,8.2,3.7,1.0,0.3,5241380
Xzavion Mitchell,Iowa St.,7,3.1,1.0,0.3,0.0,5101856
Cade Kelderman,Iowa St.,17,3.8,0.9,0.2,0.8,5175036
Eric Mulder,Iowa St.,19,3.7,0.9,1.5,0.2,5106790
Anthony Rise,Iowa St.,10,1.3,0.2,0.6,0.0,5311915
Darryn Peterson,Kansas,22,28.4,19.8,4.4,1.7,5041955
Tre White,Kansas,33,31.4,13.8,6.7,1.8,5105643
Flory Bidunga,Kansas,33,31.7,13.5,9.2,1.5,5044426
Melvin Council Jr.,Kansas,33,34.8,12.9,4.8,5.1,5177301
Bryson Tiller,Kansas,33,25.9,8.2,6.0,1.0,5041958
Elmarko Jackson,Kansas,32,18.0,4.9,1.8,1.5,4872739
Jamari McDowell,Kansas,33,17.7,3.5,1.6,1.2,5103571
Kohl Rosario,Kansas,28,11.7,3.3,1.3,0.5,5291864
Jayden Dawson,Kansas,24,9.5,2.1,0.6,0.6,5105964
Nginyu Ngala,Kansas,12,3.3,1.3,0.6,0.3,5311916
Wilder Evers,Kansas,7,2.6,1.1,0.3,0.0,5106260
Paul Mbiya,Kansas,19,4.1,0.7,1.1,0.1,5281379
Samis Calderon,Kansas,16,4.1,0.4,0.8,0.3,5252599
Justin Cross,Kansas,6,2.2,0.0,0.3,0.2,5175889
Will Thengvall,Kansas,6,1.3,0.0,0.2,0.0,5240262
Rob Lee Jr.,Kennesaw St.,31,28.2,16.0,3.2,2.0,5313558
Braden East,Kennesaw St.,30,24.0,12.8,9.1,0.7,5242573
Andrew Holifield,Kennesaw St.,31,28.6,11.7,4.6,1.5,5116468
Cody Pennebaker,Kennesaw St.,31,27.5,7.1,4.3,2.5,5108080
King-Njhsanni Wilhite,Kennesaw St.,29,21.0,5.8,1.1,2.5,5313554
Errol White,Kennesaw St.,31,22.3,5.0,4.9,1.2,5176637
Eian Lowe,Kennesaw St.,30,17.9,4.3,1.5,2.5,5313555
Jayden Gambrell,Kennesaw St.,30,11.2,4.0,0.8,0.4,5242574
Jayden Barrs,Kennesaw St.,7,11.7,3.1,1.3,1.1,5176636
B.B. Knight,Kennesaw St.,20,8.1,2.7,0.6,0.4,5106641
Janko Bulajic,Kennesaw St.,31,11.7,1.5,3.1,0.9,5123799
Spencer Ezewiro,Kennesaw St.,20,5.6,0.5,1.7,0.3,5313557
Otega Oweh,Kentucky,34,32.4,18.2,4.6,2.6,5106270
Denzel Aberdeen,Kentucky,34,30.2,13.2,2.6,3.6,5105527
Collin Chandler,Kentucky,34,26.6,9.9,2.8,2.2,5238207
Mouhamed Dioubate,Kentucky,29,21.4,8.7,5.5,1.0,4895780
Malachi Moreno,Kentucky,34,22.8,8.0,6.4,1.8,5101849
Jaland Lowe,Kentucky,9,18.6,8.0,2.1,2.4,4684270
Kam Williams,Kentucky,22,18.9,6.2,2.3,1.0,4873183
Andrija Jelavic,Kentucky,30,15.8,5.8,3.9,0.6,5281347
Jasper Johnson,Kentucky,33,12.5,5.2,1.1,1.7,5095153
Jayden Quaintance,Kentucky,4,16.5,5.0,5.0,0.5,5101845
Brandon Garrison,Kentucky,34,15.8,4.6,3.9,1.1,4711306
Trent Noah,Kentucky,27,10.6,3.0,2.3,0.5,5175592
Zach Tow,Kentucky,7,1.1,0.6,0.0,0.0,5252266
Walker Horn,Kentucky,7,1.3,0.4,0.1,0.1,5105283
Elijah Tucker,LIU,32,26.3,12.5,6.8,1.1,4684309
Jacoi Hutchinson,LIU,31,28.4,12.3,3.3,3.2,4845378
Johan Nziemi,LIU,29,26.0,10.6,6.0,1.8,5175666
Redd Thompson Jr.,LIU,32,22.1,10.3,1.6,2.0,5101649
Emanuel Richards,LIU,32,25.9,9.7,3.4,1.1,5175665
Alphonzo Billups III,LIU,32,23.1,8.1,2.8,1.3,5106039
Jaylen Benard,LIU,32,19.9,7.3,3.7,0.9,5175669
Elijah Jones,LIU,27,17.3,3.9,3.6,0.7,5176811
Elijah Kelly,LIU,31,10.9,2.3,1.7,0.4,5313508
KJ McClurg,LIU,4,14.0,2.0,2.3,0.5,4701156
Jaylin Payne,LIU,29,7.9,1.8,1.7,0.2,5313511
Jerome Williams,LIU,10,4.5,1.2,0.2,0.5,5313512
Isaiah Kalala,LIU,15,3.3,0.9,0.8,0.1,5313509
Nasir Whitlock,Lehigh,34,34.9,21.0,3.5,3.4,5176076
Hank Alvey,Lehigh,34,30.7,15.0,6.9,2.1,5243042
Joshua Ingram,Lehigh,34,34.7,10.6,5.1,3.3,5176077
Edouard Benoit,Lehigh,23,28.4,10.3,6.0,1.0,5243039
Andrew Urosevic,Lehigh,28,18.9,7.3,1.3,0.6,5314503
Caleb Thomas,Lehigh,22,21.7,5.0,1.4,2.0,5314505
Peter Kramer,Lehigh,34,20.4,4.1,1.9,0.7,5243041
Jalen Vazquez,Lehigh,30,21.8,3.9,2.5,2.0,5314506
Alfredo Addesa,Lehigh,32,8.2,2.0,1.5,0.3,5243040
Jake Pike,Lehigh,17,9.6,1.3,1.9,0.2,5176078
Henri Adiassa,Lehigh,24,4.4,0.4,0.8,0.0,5105684
Tommy Conniff,Lehigh,15,3.9,0.3,0.6,0.3,5105685
Brendan Reed,Lehigh,11,0.9,0.0,0.2,0.0,5105682
Ryan Conwell,Louisville,32,30.6,18.7,4.8,2.5,5107157
Mikel Brown Jr.,Louisville,21,29.2,18.2,3.3,4.7,5101761
J'Vonne Hadley,Louisville,32,27.8,11.8,5.2,1.7,4702784
Isaac McKneely,Louisville,33,28.8,10.6,3.0,1.4,4712845
Sananda Fru,Louisville,33,22.0,9.2,6.0,1.3,5311967
Adrian Wooley,Louisville,33,22.1,8.5,4.0,1.8,5242127
Khani Rooths,Louisville,29,16.5,5.5,4.4,1.0,4873187
Kobe Rodgers,Louisville,32,13.8,3.3,2.4,1.4,5174946
Aly Khalifa,Louisville,33,12.0,3.2,1.9,2.6,4702739
Kasean Pryor,Louisville,22,6.7,2.3,1.9,0.3,4589481
Vangelis Zougris,Louisville,25,8.8,2.3,2.3,0.7,5311969
Cole Sherman,Louisville,10,1.2,1.2,0.0,0.1,5106779
Spencer Legg,Louisville,9,0.9,0.8,0.4,0.2,5105765
Will Hanke,Louisville,10,1.0,0.2,0.4,0.0,5311968
Larry Johnson,McNeese,33,25.2,17.5,5.5,1.4,5144375
Tyshawn Archie,McNeese,33,25.5,14.3,1.9,2.9,5175726
Javohn Garcia,McNeese,29,29.4,12.0,3.1,1.6,4701125
DJ Richards Jr.,McNeese,33,22.1,8.3,2.0,0.7,5106843
Garwey Dual,McNeese,33,26.3,8.2,2.8,4.3,5077373
Jerrell Colbert,McNeese,33,19.4,5.8,4.0,0.5,4433273
Jacolb Fredson-Cole,McNeese,33,18.9,5.5,4.1,1.5,5238222
Carl Cherenfant,McNeese,32,16.8,4.3,3.1,0.9,4711271
Peitok Machar,McNeese,33,12.7,3.6,3.2,0.1,5313569
Yanis Ndjonga,McNeese,27,10.7,2.5,3.5,0.1,5175027
JJ Rembert,McNeese,8,4.6,0.5,0.0,1.5,5186554
Malik Reneau,Miami FL,33,28.5,18.8,6.6,2.0,5105798
Tre Donaldson,Miami FL,33,33.9,16.5,3.5,5.8,4837356
Shelton Henderson,Miami FL,33,30.8,13.7,4.8,2.0,5101809
Tru Washington,Miami FL,29,27.6,12.1,3.9,1.7,4845368
Ernest Udeh Jr.,Miami FL,31,27.8,6.9,9.3,0.5,5106261
Dante Allen,Miami FL,28,23.8,6.4,2.8,2.2,5142709
Marcus Allen,Miami FL,8,19.0,5.3,3.1,1.6,4869762
Timotej Malovec,Miami FL,31,15.7,4.5,1.4,0.9,5281366
Noam Dovrat,Miami FL,26,9.7,3.8,0.5,1.1,5311986
Salih Altuntas,Miami FL,32,7.8,1.6,1.9,0.1,5311984
John Laboy II,Miami FL,6,4.2,1.2,0.2,0.5,5311985
Jordyn Kee,Miami FL,8,3.0,0.4,0.4,0.4,5214525
Peter Suder,Miami OH,31,30.9,14.6,4.6,4.0,5106674
Brant Byers,Miami OH,32,30.4,14.2,4.1,0.6,5243053
Evan Ipsaro,Miami OH,12,27.9,13.9,2.4,3.3,5176212
Eian Elmer,Miami OH,32,30.5,12.6,6.0,1.2,5093252
Luke Skaljac,Miami OH,30,28.0,10.3,3.0,4.7,5101653
Antwone Woolfolk,Miami OH,31,23.4,10.3,5.5,1.5,5105859
Almar Atlason,Miami OH,32,18.8,10.1,2.4,1.0,5176313
Justin Kirby,Miami OH,19,16.8,6.4,3.3,0.6,5313370
Trey Perry,Miami OH,30,13.1,6.0,1.5,1.3,5313368
Tyler Robbins,Miami OH,27,5.8,3.1,1.9,0.3,5313371
Kyle Waltz,Miami OH,21,7.4,3.0,1.3,0.6,5313373
Brady Ganley,Miami OH,6,2.5,1.8,0.5,0.3,5313369
Eli Yofan,Miami OH,2,7.0,1.5,0.0,0.5,5108031
Ethan Wright,Miami OH,5,2.0,1.4,0.8,0.0,5243054
Jackson Kotecki,Miami OH,5,5.8,1.2,1.6,0.4,5176215
Yaxel Lendeborg,Michigan,34,30.2,14.6,7.0,3.2,5175737
Morez Johnson Jr.,Michigan,34,25.1,13.1,7.2,1.1,4873153
Aday Mara,Michigan,34,23.1,11.6,6.9,2.3,5174983
Elliot Cadeau,Michigan,34,26.4,10.2,2.6,5.6,4869764
Trey McKenney,Michigan,34,21.5,9.6,2.6,0.9,5041954
L.J. Cason,Michigan,28,18.6,8.4,1.9,2.4,5214641
Nimari Burnett,Michigan,34,19.4,8.3,2.4,1.1,4433138
Roddy Gayle Jr.,Michigan,33,20.4,7.0,3.2,1.4,5105836
Will Tschetter,Michigan,34,13.9,3.9,1.9,0.6,4684596
Winters Grady,Michigan,9,5.6,2.9,1.1,0.2,5174808
Oscar Goodman,Michigan,12,6.3,1.4,1.5,0.5,5244505
Malick Kordel,Michigan,11,4.9,1.4,1.8,0.2,5311988
Charlie May,Michigan,4,3.5,1.0,0.3,0.3,5106648
Howard Eisley Jr.,Michigan,5,1.4,0.6,0.0,0.0,5239559
Jeremy Fears Jr.,Michigan St.,32,32.2,15.7,2.4,9.2,4711255
Jaxon Kohler,Michigan St.,32,27.8,12.7,9.0,1.3,5105815
Coen Carr,Michigan St.,32,29.0,11.6,5.4,1.3,4872740
Carson Cooper,Michigan St.,32,26.4,10.8,7.1,1.4,5105817
Kur Teng,Michigan St.,32,17.5,7.7,2.1,1.0,4873111
Jordan Scott,Michigan St.,32,20.7,5.9,3.1,1.2,5196931
Divine Ugochukwu,Michigan St.,22,16.1,5.1,1.5,1.5,5060733
Cam Ward,Michigan St.,31,15.2,5.0,4.3,0.3,5101798
Trey Fort,Michigan St.,30,10.0,3.8,1.2,0.6,4703411
Jesse McCulloch,Michigan St.,27,7.5,2.4,1.3,0.2,5239562
Nick Sanders,Michigan St.,13,1.6,0.5,0.1,0.1,5105818
Brennan Walton,Michigan St.,11,1.5,0.5,0.4,0.0,5239563
Denham Wojcik,Michigan St.,28,5.5,0.4,0.3,1.2,4610138
Colin Walton,Michigan St.,11,1.4,0.3,0.3,0.0,5239564
Mark Mitchell,Missouri,32,33.7,18.3,5.3,3.6,4433285
Jayden Stone,Missouri,25,29.9,13.2,5.0,1.9,4432196
Trent Pierce,Missouri,19,28.5,10.6,3.8,1.1,5037881
T.O. Barrett,Missouri,32,23.0,8.9,2.7,3.1,5144166
Anthony Robinson II,Missouri,32,27.0,8.8,3.1,2.9,5054085
Jacob Crews,Missouri,32,20.7,8.6,3.7,0.3,4432515
Shawn Phillips Jr.,Missouri,30,20.3,7.7,5.1,0.7,5105537
Sebastian Mack,Missouri,18,16.3,7.0,1.3,0.6,4711270
Jevon Porter,Missouri,12,17.4,6.2,4.0,1.6,4684798
Luke Northweather,Missouri,19,12.9,3.1,2.5,0.6,5106269
Annor Boateng,Missouri,15,11.5,2.7,1.8,0.3,5238218
Trent Burns,Missouri,21,8.1,2.0,1.9,0.1,5169569
Nicholas Randall,Missouri,21,5.7,0.7,1.0,0.1,5144151
Paul McNeil Jr.,N.C. State,33,28.5,13.9,3.6,0.8,4873151
Quadir Copeland,N.C. State,33,28.6,13.9,3.5,6.6,4683860
Ven-Allen Lubin,N.C. State,33,28.3,13.9,7.2,0.8,4684799
Darrion Williams,N.C. State,32,29.8,13.8,4.6,2.8,4937074
Tre Holloman,N.C. State,31,25.6,9.3,1.8,2.0,5105816
Matt Able,N.C. State,33,21.6,9.0,3.5,1.0,5196877
Jerry Deng,N.C. State,8,12.6,6.1,2.1,0.4,5174958
Alyn Breed,N.C. State,21,14.8,4.5,1.9,1.3,4585590
Terrance Arceneaux,N.C. State,29,16.1,3.9,2.7,0.5,5106059
Musa Sagnia,N.C. State,33,12.5,2.4,2.8,0.2,5311995
Scottie Ebube,N.C. State,16,4.2,1.2,1.0,0.0,4897482
Jordan Snell,N.C. State,8,2.3,0.8,0.3,0.3,5105430
Colt Langdon,N.C. State,6,2.8,0.3,0.2,0.0,5142707
Pryce Sandfort,Nebraska,32,33.3,17.8,4.8,2.0,4858604
Rienk Mast,Nebraska,31,28.9,13.5,5.8,2.9,4592677
Braden Frager,Nebraska,30,23.3,11.6,3.8,0.9,5239571
Jamarques Lawrence,Nebraska,32,28.2,9.7,2.5,4.0,5105825
Sam Hoiberg,Nebraska,32,32.1,9.6,5.3,4.3,4897432
Ugnius Jarusevicius,Nebraska,1,11.0,7.0,2.0,0.0,5108721
Berke Buyuktuncel,Nebraska,30,24.0,6.4,5.4,1.9,5174982
Connor Essegian,Nebraska,7,14.0,5.4,1.3,0.9,5105861
Cale Jacobsen,Nebraska,32,20.3,4.8,2.9,1.4,5105827
Jared Garcia,Nebraska,27,8.5,3.1,2.2,0.3,4702740
Leo Curtis,Nebraska,15,3.9,1.7,0.6,0.3,5263670
Kendall Blue,Nebraska,18,3.6,0.7,0.3,0.2,5109018
Justin Bolis,Nebraska,16,1.4,0.2,0.3,0.1,5239573
Caleb Wilson,North Carolina,24,31.3,19.8,9.4,2.7,5095151
Henri Veesaar,North Carolina,30,31.1,16.7,8.7,2.0,5105571
Seth Trimble,North Carolina,23,32.0,14.0,3.6,2.8,4712836
Luka Bogavac,North Carolina,32,24.1,9.8,2.5,2.2,5312014
Jarin Stevenson,North Carolina,32,25.6,8.0,4.4,0.9,4873181
Derek Dixon,North Carolina,32,21.7,6.4,2.3,2.6,5144097
Jonathan Powell,North Carolina,32,16.2,4.8,2.3,0.8,5101669
Kyan Evans,North Carolina,32,18.0,4.1,1.2,2.6,5093253
Zayden High,North Carolina,28,9.1,3.4,2.8,0.5,4895793
Isaiah Denis,North Carolina,10,3.4,1.9,0.6,0.1,5217193
Jaydon Young,North Carolina,30,7.3,1.8,0.9,0.4,4711266
Evan Smith,North Carolina,5,1.6,1.4,1.0,0.6,5312013
James Brown,North Carolina,9,5.6,1.2,1.4,0.3,4869763
Elijah Davis,North Carolina,6,1.7,0.5,0.2,0.0,5116699
Ivan Matlekovic,North Carolina,4,1.3,0.5,0.0,0.0,5241596
John Holbrook,North Carolina,5,1.6,0.2,0.6,0.0,5238173
Damari Wheeler-Thomas,North Dakota St.,31,30.5,14.4,3.5,2.8,5107273
Trevian Carson,North Dakota St.,34,31.5,12.0,6.4,2.8,5314778
Markhi Strickland,North Dakota St.,34,24.5,11.8,3.5,1.3,4432494
Treyson Anderson,North Dakota St.,34,18.2,10.4,5.4,0.8,5241642
Noah Feddersen,North Dakota St.,34,21.2,9.4,5.1,1.0,5107278
Andy Stefonowicz,North Dakota St.,34,32.4,9.2,3.1,4.9,5241640
Tay Smith,North Dakota St.,34,19.9,7.7,2.6,0.9,4901166
Emil Skytta,North Dakota St.,25,12.0,3.7,1.8,0.7,5108046
Carson Smith,North Dakota St.,23,10.3,3.1,1.4,0.2,5241641
Riley Saunders,North Dakota St.,8,2.0,1.9,0.3,0.3,5314780
Riley Massey,North Dakota St.,32,8.3,1.4,1.0,0.5,5314779
Max Majerle,North Dakota St.,17,5.7,1.1,0.9,0.5,5108047
Caleb Schoenrock,North Dakota St.,8,2.1,0.3,0.5,0.1,5314782
Trey Campbell,Northern Iowa,35,33.4,13.7,3.8,3.9,5107887
Leon Bond III,Northern Iowa,35,32.8,11.9,4.8,1.5,4838704
Will Hornseth,Northern Iowa,34,26.3,11.2,4.6,2.2,5241409
Ben Schwieger,Northern Iowa,35,27.7,9.9,4.6,1.9,4897474
Tristan Smith,Northern Iowa,27,20.8,9.1,5.1,1.9,5315806
Max Weisbrod,Northern Iowa,31,27.8,6.5,2.5,2.0,5241408
Kyle Pock,Northern Iowa,33,13.0,3.8,1.0,0.2,5176385
Ismael Diouf,Northern Iowa,34,10.8,3.1,1.3,1.0,5238171
RJ Taylor,Northern Iowa,29,11.1,2.7,1.0,1.2,5176384
Geon Hutchins,Northern Iowa,34,7.7,1.5,1.2,0.2,5315804
Chase Courbat,Northern Iowa,16,3.1,1.0,0.6,0.1,4897480
Hunter Jacobson,Northern Iowa,11,1.5,0.3,0.1,0.0,5107889
Bruce Thornton,Ohio St.,33,36.5,20.2,5.1,3.9,5105837
John Mobley Jr.,Ohio St.,30,31.4,15.7,2.4,2.7,5060708
Devin Royal,Ohio St.,31,32.3,13.7,5.7,1.7,4895776
Christoph Tilly,Ohio St.,31,25.9,11.0,4.7,2.2,5109790
Amare Bynum,Ohio St.,33,28.3,9.7,4.8,1.1,5196946
Brandon Noel,Ohio St.,15,20.0,7.1,3.9,0.9,4702994
Taison Chatman,Ohio St.,27,13.2,4.5,1.2,0.9,4685646
Ivan Njegovan,Ohio St.,29,11.8,2.7,3.1,0.7,5239599
Puff Johnson,Ohio St.,9,11.4,2.3,1.1,0.1,4701846
Gabe Cupps,Ohio St.,32,12.5,1.6,1.2,1.1,4845387
Mathieu Grujicic,Ohio St.,6,5.3,1.0,0.8,0.3,5290629
Colin White,Ohio St.,29,8.7,0.9,1.0,0.4,5101675
Braylen Nash,Ohio St.,6,1.2,0.0,0.0,0.2,5239598
Ethan Roberts,Penn,23,30.5,16.9,3.9,2.3,5108811
TJ Power,Penn,29,35.3,16.8,7.9,2.4,4684843
Michael Zanoni,Penn,29,28.8,11.6,2.0,0.7,5108877
AJ Levine,Penn,29,24.6,8.3,3.2,4.0,5241732
Dalton Scantlebury,Penn,28,15.6,6.0,4.0,0.6,5314646
Cam Thrower,Penn,26,16.7,5.7,1.5,1.3,5107164
Augustus Gerhart,Penn,29,20.0,5.6,4.8,1.0,5182415
Jay Jones,Penn,26,13.8,3.9,2.3,1.2,5314644
Lucas Lueth,Penn,28,15.9,3.0,3.0,0.6,5314648
William Kruse,Penn,2,4.0,2.5,2.5,0.0,5314649
Dylan Williams,Penn,7,8.7,2.1,1.0,1.6,5241734
Michelangelo Oberti,Penn,11,4.0,2.0,1.1,0.1,5241736
Alex Massung,Penn,9,5.8,1.7,0.7,0.6,5241733
Niklas Polonowski,Penn,22,5.6,1.2,0.5,0.2,5182416
Payton Kamin,Penn,4,3.5,1.0,0.3,0.3,5314647
Johnnie Walter,Penn,4,5.3,0.5,0.8,0.0,5108098
Bradyn Foster,Penn,1,3.0,0.0,0.0,0.0,5241735
Dontae Horne,Prairie View A&M,35,31.8,20.2,4.5,3.1,5176727
Tai'Reon Joseph,Prairie View A&M,27,30.6,18.2,2.4,1.0,4703215
Cory Wells,Prairie View A&M,35,33.0,13.1,7.1,2.2,4904928
Lance Williams,Prairie View A&M,35,35.3,10.1,3.2,3.3,4904931
Doug Young,Prairie View A&M,3,26.3,9.3,2.3,1.7,5177138
Joey Madimba,Prairie View A&M,25,18.4,8.7,3.6,0.6,4705371
Marcel Bryant,Prairie View A&M,13,12.8,6.5,2.8,0.3,5177019
Keeshawn Mason,Prairie View A&M,27,16.2,4.9,3.0,0.3,5247621
Hassane Diallo,Prairie View A&M,26,9.4,2.8,2.5,0.2,5190922
Elijah Mitchell,Prairie View A&M,26,11.5,2.5,1.5,0.5,5314805
Jannoy Thomas,Prairie View A&M,29,10.5,2.3,1.3,0.6,5314804
Seryee Lewis,Prairie View A&M,4,6.5,2.0,1.3,0.0,5243098
Isaiah Foster,Prairie View A&M,6,3.7,1.7,0.8,0.3,5243361
Ryan Bolton Jr.,Prairie View A&M,17,4.5,1.3,1.6,0.1,5176729
Corey Dunning,Prairie View A&M,32,17.8,1.2,3.4,0.6,4904924
Braden Smith,Purdue,35,34.3,14.0,3.6,9.1,5105854
Fletcher Loyer,Purdue,35,29.0,13.8,2.3,2.1,5105853
Trey Kaufman-Renn,Purdue,33,27.9,13.6,8.5,2.6,4897438
Oscar Cluff,Purdue,35,24.1,10.6,7.4,1.7,5174973
C.J. Cox,Purdue,35,24.4,8.3,2.6,1.3,5175591
Daniel Jacobsen,Purdue,35,13.6,6.0,3.3,0.4,5144147
Omer Mayer,Purdue,35,14.5,5.7,1.1,1.2,5312035
Jack Benter,Purdue,34,15.0,4.8,2.7,0.8,5102618
Gicarri Harris,Purdue,35,15.9,4.7,1.6,0.9,5101658
Liam Murphy,Purdue,11,7.5,2.3,1.0,0.3,4702975
Aaron Fine,Purdue,9,2.3,1.2,0.0,0.3,5239503
Jace Rayl,Purdue,8,2.0,0.0,0.0,0.0,5174804
Jack Lusk,Purdue,9,1.9,0.0,0.3,0.0,5239504
Nasir Mann,Queens,34,30.4,13.4,5.8,2.7,5176643
Yoav Berman,Queens,34,29.3,12.6,3.9,3.7,5240006
Jordan Watford,Queens,34,20.6,11.9,2.6,3.8,5144110
Chris Ashby,Queens,34,30.6,11.7,2.0,1.5,5107088
Avantae Parker,Queens,34,22.1,11.3,5.3,1.1,5176801
Carson Schwieger,Queens,33,24.5,10.2,3.2,0.8,5177217
Maban Jabriel,Queens,34,19.8,7.6,3.8,1.0,5240005
Gus Larson,Queens,34,11.8,3.1,2.1,0.6,4898223
Isaiah Henry,Queens,25,8.0,2.9,1.7,0.4,5196932
Kam Clark,Queens,26,7.2,1.7,1.0,0.3,5314491
Reid Celestin,Queens,16,2.5,0.2,0.6,0.2,5314490
Jacob Brandly,Queens,1,1.0,0.0,0.0,0.0,5240007
Colby Christiansen,Queens,1,0.0,0.0,0.0,0.0,5240008
Tyler Crider,Queens,9,1.0,0.0,0.0,0.1,5314493
Boopie Miller,SMU,32,35.2,19.2,3.9,6.4,4898283
Jaron Pierre Jr.,SMU,33,33.0,17.6,4.9,2.0,4703115
B.J. Edwards,SMU,28,33.2,12.7,5.9,4.9,5105552
Corey Washington,SMU,33,27.5,11.3,4.9,0.8,5110039
Samet Yigitoglu,SMU,33,28.9,10.8,7.9,1.6,5238184
Jaden Toombs,SMU,26,19.4,7.8,4.3,1.2,5101840
Jermaine O'Neal Jr.,SMU,33,15.2,4.6,2.1,0.4,5312289
Sam Walters,SMU,23,9.0,2.5,0.9,0.3,4683781
Mitchell Holmes,SMU,25,5.4,1.7,0.9,0.2,5238182
B.J. Davis-Ray,SMU,31,7.2,1.3,0.7,0.4,5041938
Chance Puryear,SMU,13,2.8,0.3,0.5,0.0,5144391
Nigel Walls,SMU,9,3.4,0.0,0.2,0.2,5101828
Trey Utter,SMU,2,2.0,0.0,0.0,0.0,5106638
Niccolo Kalischer-Stork,SMU,2,0.5,0.0,0.0,0.0,5238183
Robbie Avila,Saint Louis,33,26.2,12.9,4.5,4.1,4917097
Trey Green,Saint Louis,32,23.7,11.1,2.8,1.7,4711258
Dion Brown,Saint Louis,33,23.5,11.1,5.5,1.5,5107242
Amari McCottry,Saint Louis,32,22.6,10.3,5.2,2.8,5239707
Kellen Thames,Saint Louis,31,17.3,9.9,4.8,1.9,5105980
Quentin Jones,Saint Louis,33,26.5,9.2,3.9,2.9,5175171
Ishan Sharma,Saint Louis,33,22.2,9.1,2.6,1.6,5183809
Brady Dunlap,Saint Louis,32,16.9,6.8,2.1,0.8,4685659
Paul Otieno,Saint Louis,33,15.5,5.2,3.9,0.9,5107797
Jax Kerr,Saint Louis,17,6.6,2.9,1.9,0.2,5236225
Cam Hutson,Saint Louis,17,5.5,1.9,1.0,0.2,5254323
Isaac Holmes,Saint Louis,13,2.8,0.8,0.7,0.3,5107907
Jaden Schertz,Saint Louis,12,3.0,0.7,0.5,0.1,5107905
Paulius Murauskas,Saint Mary's,32,32.4,18.8,7.7,2.2,5174955
Mikey Lewis,Saint Mary's,32,26.9,14.2,2.8,2.2,5240980
Joshua Dent,Saint Mary's,32,36.2,13.0,2.4,5.7,5183875
Andrew McKeever,Saint Mary's,32,23.0,8.4,9.2,1.7,5176481
Dillan Shaw,Saint Mary's,32,27.3,7.5,5.3,1.6,5313031
Harry Wessels,Saint Mary's,31,16.8,4.9,5.2,0.6,5105418
Liam Campbell,Saint Mary's,32,14.3,4.6,1.7,0.5,5101655
Tony Duckett,Saint Mary's,21,6.8,3.3,0.5,0.4,5241001
Rory Hawke,Saint Mary's,31,10.7,2.5,1.2,0.4,5123978
Mantas Juzenas,Saint Mary's,25,5.8,2.2,1.5,0.3,5313030
Kevin Gad,Saint Mary's,7,10.0,1.4,1.3,0.7,5105421
Cade Bennett,Saint Mary's,8,4.5,1.0,1.0,0.5,5105419
Oliver Faubert,Saint Mary's,10,1.9,0.2,0.0,0.0,5240981
Christian Hammond,Santa Clara,33,30.0,15.8,2.9,2.4,5176359
Elijah Mahi,Santa Clara,34,30.2,13.9,4.7,2.6,5241069
Allen Graves,Santa Clara,34,22.4,11.6,6.5,1.8,5149115
Sash Gavalyugov,Santa Clara,34,19.7,8.8,1.7,2.6,5215425
Bukky Oboye,Santa Clara,33,17.8,8.0,4.2,0.6,5176361
Brenton Knapper,Santa Clara,32,21.8,7.7,1.8,2.3,4897209
Jake Ensminger,Santa Clara,31,28.4,6.3,5.5,2.9,5109789
Thierry Darlan,Santa Clara,34,18.2,6.3,3.6,0.9,5147928
KJ Cochran,Santa Clara,33,12.0,4.8,1.4,0.5,5196879
Brendan Yarusso,Santa Clara,8,1.3,2.0,0.3,0.0,5109791
Francis Chukwudebelu,Santa Clara,23,7.0,1.5,1.3,0.7,5041940
Juan Reyna,Santa Clara,1,2.0,0.0,2.0,0.0,4897872
Gavin Doty,Siena,34,36.7,17.9,7.0,2.2,5242926
Justice Shoats,Siena,34,35.4,13.2,2.5,4.4,5242922
Francis Folefac,Siena,34,27.7,11.1,5.2,2.2,5314195
Tasman Goodrick,Siena,9,23.3,9.7,7.3,1.3,5178209
Brendan Coyle,Siena,34,30.3,8.6,4.6,1.0,5107811
Antonio Chandler,Siena,29,22.1,7.3,5.6,0.4,5314192
Christian Jones,Siena,34,17.5,4.3,0.8,1.2,5314193
Riley Mulvey,Siena,25,17.2,3.8,3.9,1.5,4685004
Isaiah Henderson,Siena,28,13.7,3.8,0.8,0.5,5314191
Owen Schlager,Siena,5,10.0,2.8,1.2,0.6,5314194
Tajae Jones,Siena,3,5.0,1.3,0.7,0.0,5242925
Marcus Jackson,Siena,6,7.5,0.5,2.0,0.7,5106044
Chris Torres,Siena,6,1.7,0.3,0.0,0.2,5242923
Mosi Clayton,Siena,3,2.3,0.0,0.0,0.0,5177164
Cooper Nadler,Siena,2,3.5,0.0,1.0,0.0,5242929
Danny Murray,Siena,4,1.5,0.0,0.0,0.0,5314196
Wes Enis,South Florida,31,34.1,16.8,3.6,2.5,5313560
Izaiyah Nelson,South Florida,33,27.1,15.7,9.6,1.2,5107251
Joseph Pinion,South Florida,33,29.9,14.2,3.8,2.3,4699760
Josh Omojafo,South Florida,33,27.3,11.5,5.3,1.8,5241690
CJ Brown,South Florida,33,26.9,11.1,3.9,4.8,5183925
Isaiah Jones,South Florida,33,15.5,4.5,2.9,0.5,4067423
Daimion Collins,South Florida,32,14.4,4.2,3.2,0.4,4611412
Gavin Hightower,South Florida,25,9.6,3.8,1.6,1.7,5101765
Adriel Nyorha,South Florida,26,10.9,3.7,1.7,2.0,5313563
Devin Haid,South Florida,23,10.0,3.3,2.0,0.8,5241694
Caleb Sanders,South Florida,11,7.5,2.8,1.5,0.7,5313561
Xavier Brown,South Florida,3,12.3,2.7,0.7,1.7,5107222
Tristan Beckford,South Florida,21,7.2,2.6,1.7,0.3,5313562
Onyx Nnani,South Florida,1,1.0,0.0,1.0,0.0,5196957
Zuby Ejiofor,St. John's,34,29.7,16.3,7.1,3.5,5106262
Bryce Hopkins,St. John's,34,28.5,13.5,6.2,2.0,4565698
Oziyah Sellers,St. John's,34,28.9,10.7,2.9,1.7,5105642
Ian Jackson,St. John's,33,18.5,9.6,2.3,1.2,4869770
Joson Sanon,St. John's,34,21.3,8.3,2.6,0.6,5142625
Dillon Mitchell,St. John's,34,27.7,8.2,7.0,3.1,5106283
Dylan Darling,St. John's,32,21.0,7.0,2.5,2.5,5105658
Ruben Prey,St. John's,34,10.5,3.9,1.9,0.9,5240539
Lefteris Liotopoulos,St. John's,27,8.0,3.1,1.0,0.4,5145712
Sadiku Ibine Ayo,St. John's,28,8.2,1.9,1.1,0.5,5107197
Kelvin Odih,St. John's,10,5.3,1.5,1.9,0.2,5226072
Handje Tamba,St. John's,7,2.4,0.7,0.3,0.3,4896480
Fotis Konstantinidis,St. John's,7,1.1,0.4,0.1,0.1,5312302
Casper Pohto,St. John's,6,4.5,0.3,0.7,0.2,5312301
David Punch,TCU,32,29.7,14.3,6.7,2.1,5164368
Xavier Edmonds,TCU,33,22.9,12.6,6.6,1.2,5311928
Jayden Pierre,TCU,33,30.2,10.5,2.2,2.7,5105619
Micah Robinson,TCU,33,26.3,10.5,4.7,1.7,5037876
Liutauras Lelevicius,TCU,32,23.8,8.4,3.3,0.7,5245624
Brock Harding,TCU,33,31.7,8.0,2.8,5.7,5103589
Tanner Toolson,TCU,33,21.3,8.0,3.2,0.9,5105461
Jace Posey,TCU,26,11.7,4.6,2.4,0.2,5101654
Kayden Edwards,TCU,13,6.7,3.5,0.7,0.6,5101787
RJ Jones,TCU,8,6.8,2.9,0.5,0.9,5175042
Ashton Simmons,TCU,4,4.3,1.3,0.8,0.3,5179086
Vianney Salatchoum,TCU,21,5.4,1.1,0.9,0.1,5242117
Adam Stewart,TCU,4,1.0,0.5,0.3,0.0,5240268
Malick Diallo,TCU,1,7.0,0.0,1.0,0.0,5061583
Trey Stuart,TCU,5,1.0,0.0,0.2,0.0,5106277
Drew McElroy,TCU,3,1.0,0.0,0.0,0.0,5240269
Ja'Kobi Gillespie,Tennessee,33,34.5,18.0,2.8,5.5,5107968
Nate Ament,Tennessee,31,30.2,17.5,6.6,2.5,5164559
J.P. Estrella,Tennessee,29,17.7,10.1,5.2,0.8,5093142
Felix Okpara,Tennessee,31,26.7,7.7,6.2,0.5,5105841
Jaylen Carey,Tennessee,33,18.9,7.4,6.2,1.3,4685687
Bishop Boswell,Tennessee,30,26.2,6.2,4.5,2.9,5101648
DeWayne Brown II,Tennessee,31,15.4,4.9,3.8,0.9,5142710
Amari Evans,Tennessee,31,14.1,4.2,3.1,0.7,5196914
Cade Phillips,Tennessee,10,16.9,3.8,4.0,0.4,4848640
Amaree Abram,Tennessee,23,11.3,3.5,1.5,0.8,5105544
Ethan Burg,Tennessee,27,10.1,2.6,0.9,1.1,5311527
Troy Henderson,Tennessee,25,7.5,2.0,0.5,1.2,5311526
Clarence Massamba,Tennessee,10,3.8,0.4,0.2,0.3,5196942
Grant Hurst,Tennessee,1,2.0,0.0,0.0,0.0,4897332
Gavin Paull,Tennessee,1,2.0,0.0,0.0,0.0,5238228
Campbell Duncan,Tennessee,1,2.0,0.0,1.0,0.0,5238229
Aaron Nkrumah,Tennessee St.,32,31.4,17.6,5.5,3.0,5182573
Travis Harper II,Tennessee St.,32,31.3,17.3,4.3,1.2,5242985
Dante Harris,Tennessee St.,32,32.2,11.7,3.7,4.5,4596531
Antoine Lorick III,Tennessee St.,32,21.1,9.5,5.0,1.0,5242989
Jalen Pitre,Tennessee St.,32,24.2,6.5,6.6,0.9,5105453
Khalil London,Tennessee St.,24,15.3,6.4,1.6,1.1,5105760
Carlous Williams,Tennessee St.,31,19.5,5.7,3.2,0.5,5175727
Jabrion Spikes,Tennessee St.,30,10.6,2.9,1.3,0.3,5314353
Kavien Jones,Tennessee St.,29,10.8,2.8,2.4,0.2,5242991
Jayden Jones,Tennessee St.,4,3.3,1.8,0.3,0.0,5314354
JC Brooks,Tennessee St.,18,7.9,1.7,2.0,0.3,5242986
Damon Howard Jr.,Tennessee St.,20,7.4,1.7,0.7,0.9,5314352
Jean Yvens Lafleur,Tennessee St.,2,6.0,1.0,2.5,0.0,5314355
Alex Garcia,Tennessee St.,9,2.4,0.8,0.1,0.0,5106807
Dailyn Swain,Texas,32,32.2,17.8,7.6,3.4,4848625
Matas Vokietaitis,Texas,32,25.8,15.5,6.8,0.6,5239838
Tramon Mark,Texas,32,27.7,13.5,3.4,1.9,4432243
Jordan Pope,Texas,32,28.5,13.3,2.2,1.9,5105624
Camden Heide,Texas,31,23.1,6.2,2.7,0.6,5105855
Simeon Wilcher,Texas,32,19.7,6.2,1.8,1.8,4683785
Chendall Weaver,Texas,32,21.1,5.7,4.1,1.2,5105486
Nic Codie,Texas,20,15.0,4.0,3.2,0.7,5149083
Lassina Traore,Texas,23,15.6,3.4,5.1,0.6,4897052
Declan Duru Jr.,Texas,12,6.9,1.3,1.2,0.0,5311528
Anthon McDermott,Texas,7,2.9,0.9,0.6,0.3,5191718
Brandon Taylor,Texas,4,1.0,0.8,0.5,0.0,5176687
Cole Bott,Texas,6,1.3,0.5,0.2,0.2,4897760
Rashaun Agee,Texas A&M,32,26.8,14.7,8.9,2.4,4593815
Rylan Griffen,Texas A&M,30,26.0,11.6,2.8,2.6,4683682
Marcus Hill,Texas A&M,32,23.0,10.8,3.2,1.6,5176153
Mackenzie Mgbako,Texas A&M,7,18.7,10.4,4.9,1.3,4683779
Rubén Dominguez,Texas A&M,32,23.3,10.3,2.4,1.4,5311530
Pop Isaacs,Texas A&M,31,22.3,10.1,2.6,2.6,5106285
Zach Clemence,Texas A&M,32,16.5,7.1,3.1,0.8,4683146
Jacari Lane,Texas A&M,31,19.9,6.4,1.8,3.2,5107078
Ali Dibba,Texas A&M,32,15.5,5.6,2.7,0.8,4896862
Josh Holloway,Texas A&M,32,13.1,4.5,1.7,1.8,5176160
Jamie Vinson,Texas A&M,28,6.4,3.4,2.2,0.4,5101692
Federiko Federiko,Texas A&M,31,8.6,1.8,1.9,0.5,5105412
Noah Shelby,Texas A&M,9,2.4,1.1,0.2,0.0,4823977
Jeremiah Green,Texas A&M,8,4.0,0.9,0.1,0.5,5041941
Chris McDermott,Texas A&M,15,2.5,0.7,0.7,0.2,5061578
JT Toppin,Texas Tech,25,34.8,21.8,10.8,2.1,5143604
Christian Anderson,Texas Tech,31,38.4,18.9,3.6,7.6,5060701
Donovan Atwell,Texas Tech,32,34.7,13.5,3.3,0.8,5107355
LeJuan Watts,Texas Tech,31,27.5,11.5,6.0,2.5,5107312
Jaylen Petty,Texas Tech,31,30.0,9.5,3.9,2.2,5221321
Luke Bamgboye,Texas Tech,19,16.5,4.7,3.3,0.5,5061581
Josiah Moseley,Texas Tech,12,12.8,4.6,3.7,0.5,5152656
Tyeree Bryan,Texas Tech,31,17.5,3.7,2.6,0.6,5108120
Leon Horner,Texas Tech,22,8.3,2.4,1.9,0.2,5240271
Marial Akuentok,Texas Tech,13,6.6,1.3,1.8,0.2,5311930
Nolan Groves,Texas Tech,21,6.1,1.0,1.2,0.2,5311929
Jazz Henderson,Texas Tech,11,3.9,0.8,0.5,0.4,5240270
Jack Francis,Texas Tech,13,1.2,0.0,0.3,0.0,5175077
Victor Valdes,Troy,32,29.3,14.8,4.0,4.6,5176736
Thomas Dowd,Troy,33,36.1,14.8,10.1,2.2,5176732
Theo Seng,Troy,27,28.9,12.9,5.8,1.1,4897957
Cooper Campbell,Troy,33,33.8,12.7,3.5,4.2,5240745
Cobi Campbell,Troy,32,27.9,9.0,1.8,1.5,5240746
Jerrell Bellamy,Troy,33,16.7,8.2,3.5,0.4,5176735
Kerrington Kiel,Troy,33,16.2,3.9,3.7,1.1,5176731
Austin Cross,Troy,33,16.0,3.7,1.6,0.4,5240749
Evan Griffin,Troy,12,6.7,2.4,1.8,0.5,5240748
Javen Colbert,Troy,18,5.7,2.1,0.7,0.7,5313365
Emmanuel Clarton,Troy,13,3.7,1.6,1.0,0.4,5313364
Corbin Green,Troy,13,4.3,1.5,1.2,0.3,5113386
Kameryn Mitchell,Troy,8,3.4,0.6,0.6,0.1,5176738
Hikaru Awata,Troy,5,1.2,0.2,0.2,0.0,5313367
Riley Kugel,UCF,30,28.9,14.4,3.1,2.5,5105529
Themus Fulks,UCF,32,32.8,14.1,3.0,6.7,4704078
Jordan Burks,UCF,32,28.0,13.0,4.8,0.6,5060684
Jamichael Stillwell,UCF,30,28.4,11.7,8.0,2.2,5241667
Chris Johnson,UCF,31,15.7,6.4,1.4,1.9,5175069
John Bol,UCF,32,18.7,6.0,5.5,0.3,4915060
Devan Cambridge,UCF,32,17.4,5.4,3.5,0.8,4567588
Carmelo Pacheco,UCF,30,15.5,4.7,1.3,0.4,5242634
George Beale Jr.,UCF,24,8.1,3.7,0.9,0.3,5107975
Jeremy Foumena,UCF,26,9.5,3.5,2.3,0.2,5105970
Kris Parker,UCF,22,5.8,1.7,0.7,0.2,4848623
Elijah Hulsewe,UCF,16,4.9,1.1,1.5,0.1,5108850
Poohpha Warakulnukroh,UCF,4,1.5,0.5,0.5,0.0,5106645
Zach Johnson,UCF,7,1.7,0.0,0.3,0.0,5311932
Tyler Bilodeau,UCLA,31,30.2,17.6,5.6,1.1,5105626
Donovan Dent,UCLA,33,34.2,13.5,2.9,7.6,5107782
Trent Perry,UCLA,33,29.6,12.7,2.9,2.9,5060706
Skyy Clark,UCLA,24,28.7,11.7,2.3,2.1,5105794
Eric Dailey Jr.,UCLA,33,27.5,11.3,5.8,1.3,4610012
Xavier Booker,UCLA,34,19.6,6.9,3.3,0.8,4711304
Jamar Brown,UCLA,34,16.1,3.9,2.8,0.5,5177743
Brandon Williams,UCLA,32,12.3,2.7,1.8,0.3,5174981
Eric Freeny,UCLA,26,10.8,2.2,1.6,0.4,5149633
Steven Jamerson II,UCLA,33,9.6,1.8,2.0,0.5,5105417
Jack Seidler,UCLA,6,1.2,0.3,0.7,0.0,5105640
Anthony Peoples Jr.,UCLA,6,1.7,0.3,0.8,0.0,5243402
Christian Horry,UCLA,4,1.8,0.0,0.0,0.3,5239622
Jah'Likai King,UMBC,31,32.1,13.9,3.4,1.5,5313186
DJ Armstrong Jr.,UMBC,32,32.3,13.2,2.8,2.1,5252505
Ace Valentine,UMBC,31,32.5,12.0,4.1,4.0,5174860
Caden Diggs,UMBC,31,22.5,9.8,3.6,0.9,5196866
Josh Odunowo,UMBC,29,23.1,8.6,5.2,0.9,4702976
Jose Roberto Tanchyn,UMBC,31,19.1,6.5,5.7,0.7,5182581
Daylon Dickerson,UMBC,21,13.9,5.6,3.3,1.3,5239816
Devin Ceaser,UMBC,3,7.7,4.3,1.0,0.3,4888718
Riley Jacobs,UMBC,31,15.6,4.3,3.8,0.6,5313189
Cougar Downing,UMBC,30,12.4,3.7,0.9,0.6,5177355
Paul Greene,UMBC,19,7.8,2.1,2.3,0.2,5313187
Tim Eze,UMBC,15,5.7,1.8,1.1,0.1,5239817
Jake Stout,UMBC,10,3.4,1.3,0.3,0.2,5239818
Saahil Thakkar,UMBC,6,1.7,0.5,0.2,0.0,5313190
MJ Collins Jr.,Utah St.,34,30.4,17.6,2.4,1.6,5105401
Mason Falslev,Utah St.,34,31.9,16.1,5.8,3.1,5107864
Karson Templin,Utah St.,34,18.7,9.1,4.2,0.8,5176273
Drake Allen,Utah St.,33,25.2,7.7,3.0,4.7,5105494
Kolby King,Utah St.,34,19.7,7.6,3.4,1.5,5105604
Garry Clark,Utah St.,34,16.5,6.8,4.3,0.6,5108973
Adlan Elamin,Utah St.,33,19.0,6.5,3.0,0.8,5195079
Elijah Perryman,Utah St.,34,14.2,4.6,1.6,3.1,5255260
Zach Keller,Utah St.,33,13.8,3.5,2.1,0.5,4896363
Tucker Anderson,Utah St.,25,11.6,3.4,1.2,0.7,5175860
Luke Kearney,Utah St.,12,4.0,1.7,0.4,0.3,5182081
Jordy Barnes,Utah St.,17,5.5,0.9,0.6,0.7,5241264
Terrence Hill Jr.,VCU,34,24.3,14.4,2.5,2.8,5060712
Lazar Djokovic,VCU,33,27.3,13.5,5.4,1.0,5175368
Jadrian Tracey,VCU,34,22.1,9.9,2.9,1.8,4701030
Nyk Lewis,VCU,33,24.1,8.7,4.5,1.7,5311890
Brandon Jennings,VCU,34,24.6,8.7,3.5,2.2,5239713
Michael Belle,VCU,34,22.3,7.5,5.1,1.0,5174672
Barry Evans,VCU,34,26.5,7.2,5.0,2.1,5105987
Tyrell Ward,VCU,29,13.3,5.8,2.1,0.5,4684733
Ahmad Nowell,VCU,27,10.6,4.7,1.2,0.6,4869778
Jordan Tillery,VCU,11,7.2,4.5,1.5,0.5,5311892
Keyshawn Mitchell,VCU,19,11.1,3.4,2.6,0.5,5174851
Jordann Dumont,VCU,8,2.4,1.0,0.1,0.0,5117584
Christian Fermin,VCU,4,13.0,0.8,2.5,0.8,5106041
Tyler Tanner,Vanderbilt,34,33.3,19.1,3.6,5.1,5187600
Duke Miles,Vanderbilt,26,29.5,16.5,3.2,4.5,4702049
Tyler Nickel,Vanderbilt,34,30.4,13.5,3.2,1.2,4838721
AK Okereke,Vanderbilt,34,25.8,9.7,3.4,2.0,5114350
Devin McGlockton,Vanderbilt,34,25.0,9.6,6.7,1.3,4791227
Jalen Washington,Vanderbilt,34,20.9,9.1,5.7,0.9,4433625
Frankie Collins,Vanderbilt,9,20.9,7.8,4.2,4.7,4433616
Tyler Harris,Vanderbilt,30,12.7,5.5,2.3,0.3,5176497
Chandler Bing,Vanderbilt,34,14.4,3.6,1.5,0.4,5311759
Mike James,Vanderbilt,22,10.6,1.5,2.0,0.7,4684164
Jayden Leverett,Vanderbilt,26,4.0,1.0,1.2,0.0,5254169
Jaylon Dean-Vines,Vanderbilt,10,2.4,0.9,0.4,0.2,5221327
Miles Keeffe,Vanderbilt,12,1.7,0.4,0.3,0.1,5105281
Mason Nicholson,Vanderbilt,5,4.0,0.4,1.0,0.0,5106670
Coleson Messer,Vanderbilt,7,1.1,0.0,0.0,0.0,5174287
Tyler Perkins,Villanova,32,29.6,13.7,5.4,1.6,5182412
Duke Brennan,Villanova,31,30.9,12.4,10.3,2.0,4870569
Acaden Lewis,Villanova,32,30.3,12.3,3.1,5.3,5144105
Bryce Lindsay,Villanova,32,28.3,11.9,2.1,2.0,5174291
Devin Askew,Villanova,32,23.1,10.0,2.6,2.1,4702467
Matt Hodge,Villanova,29,27.6,9.2,3.6,0.7,5175588
Malachi Palmer,Villanova,32,18.2,4.4,1.7,0.6,5239554
Chris Jeffrey,Villanova,21,8.5,3.2,1.1,1.0,5221332
Tafara Gapare,Villanova,9,16.3,2.9,2.9,0.4,5106034
Wade Chiddick,Villanova,2,1.5,1.5,0.0,0.0,5240540
Zion Stanford,Villanova,10,5.1,1.3,0.5,0.4,5175067
Braden Pierce,Villanova,29,6.5,1.2,0.9,0.5,5142360
Malcolm Flaggs,Villanova,1,2.0,0.0,1.0,0.0,5105576
Thijs De Ridder,Virginia,34,27.6,15.5,6.2,1.6,5311846
Malik Thomas,Virginia,34,22.9,12.4,3.9,1.6,4683758
Sam Lewis,Virginia,34,25.4,10.8,3.6,1.4,5176232
Chance Mallory,Virginia,34,24.1,9.5,3.7,3.6,5150404
Jacari White,Virginia,29,17.3,8.8,2.3,1.2,5107274
Johann Grunloh,Virginia,34,21.1,7.2,5.2,0.7,5311844
Ugonna Onyenso,Virginia,34,18.6,6.7,5.0,0.6,5037878
Dallin Hall,Virginia,34,28.4,5.9,3.6,4.3,5105464
Devin Tillis,Virginia,29,16.3,4.3,2.8,1.4,4703393
Elijah Gertrude,Virginia,17,6.2,1.7,0.8,0.6,5080790
Martin Carrere,Virginia,16,3.9,0.8,0.5,0.3,5239714
Carter Lang,Virginia,12,2.2,0.4,0.5,0.3,4894460
Owen Odom,Virginia,11,1.0,0.4,0.2,0.0,5311845
Desmond Roberts,Virginia,13,1.2,0.0,0.4,0.0,5174572
Nick Boyd,Wisconsin,34,31.8,20.6,3.8,4.2,4702654
John Blackwell,Wisconsin,33,33.7,19.0,4.9,2.3,5103630
Nolan Winter,Wisconsin,30,31.0,13.3,8.6,1.5,4895783
Austin Rapp,Wisconsin,29,22.8,9.6,4.0,1.6,5240971
Braeden Carrington,Wisconsin,33,18.1,8.4,2.5,1.1,5105820
Andrew Rohde,Wisconsin,33,26.3,5.7,2.1,2.8,5109019
Aleksas Bieliauskas,Wisconsin,34,20.0,5.0,4.3,0.9,5312048
Jack Janicki,Wisconsin,26,16.5,2.2,2.0,1.1,5174807
Hayden Jones,Wisconsin,27,7.1,1.7,1.0,0.4,5252600
Zach Kinziger,Wisconsin,16,4.8,1.3,0.3,0.6,5144103
Will Garlock,Wisconsin,30,6.6,1.1,1.1,0.7,5215270
Jack Robison,Wisconsin,17,1.8,1.0,0.5,0.1,5110430
Isaac Gard,Wisconsin,14,1.1,0.8,0.2,0.1,5105863
Riccardo Greppi,Wisconsin,14,1.2,0.0,0.4,0.1,5239655
Michael Cooper,Wright St.,30,26.2,13.4,2.8,2.2,5314630
TJ Burch,Wright St.,33,24.5,12.3,2.4,3.5,5241483
Michael Imariagbe,Wright St.,33,24.0,11.8,7.0,1.8,4707481
Solomon Callaghan,Wright St.,32,28.1,9.9,1.9,1.1,5177215
Dominic Pangonis,Wright St.,33,27.4,9.0,2.6,1.2,5243109
Kellen Pickett,Wright St.,34,22.6,8.7,5.4,1.1,5314627
Andrea Holden,Wright St.,34,14.3,6.3,4.0,0.4,5241700
Logan Woods,Wright St.,34,18.6,5.4,2.0,1.6,5106806
Ayden Davis,Wright St.,3,8.7,5.0,1.3,0.0,5241701
Alex Bruskotter,Wright St.,15,8.3,4.5,1.5,0.2,5241699
Bryan Etumnu,Wright St.,17,11.5,3.4,2.4,0.5,5106602
Sam Alamutu,Wright St.,33,12.1,2.9,2.4,1.1,4898006
